home_team,away_team,home_score,home_xg,home_penalty,away_score,away_xg,away_penalty,home_manager,home_captain,away_manager,away_captain,Attendance,Venue,Officials,Round,Date,Score,Referee,Notes,Host,Year,home_goal,away_goal,home_goal_long,away_goal_long,home_own_goal,away_own_goal,home_penalty_goal,away_penalty_goal,home_penalty_miss_long,away_penalty_miss_long,home_penalty_shootout_goal_long,away_penalty_shootout_goal_long,home_penalty_shootout_miss_long,away_penalty_shootout_miss_long,home_red_card,away_red_card,home_yellow_red_card,away_yellow_red_card,home_yellow_card_long,away_yellow_card_long,home_substitute_in_long,away_substitute_in_long
Qatar,Ecuador,0,0.3,,2,1.2,,Félix Sánchez,Hassan Al-Haydos,Gustavo Alfaro,Enner Valencia,67372,"Al Bayt Stadium, Al Khor",Daniele Orsato (Referee) · Ciro Carbone (AR1) · Alessandro Giallatini (AR2) · István Kovács (4th) · Massimiliano Irrati (VAR),Group stage,2022-11-20,0–2,Daniele Orsato,,Qatar,2022,,Enner Valencia · 31,,['31&rsquor;|0:2|Enner Valencia|Assist:|Ángelo Preciado'],,,,Enner Valencia (P) · 16,,,,,,,,,,,"['15&rsquor;|0:0|Saad Al Sheeb', '22&rsquor;|0:1|Almoez Ali', '36&rsquor;|0:2|Karim Boudiaf', '78&rsquor;|0:2|Akram Afif']","['29&rsquor;|0:1|Moisés Caicedo', '56&rsquor;|0:2|Jhegson Méndez']","['71&rsquor;|0:2|Mohammed Waad|for Hassan Al-Haydos', '72&rsquor;|0:2|Mohammed Muntari|for Almoez Ali']","['68&rsquor;|0:2|Jeremy Sarmiento|for Romario Ibarra', '77&rsquor;|0:2|José Cifuentes|for Enner Valencia', '90&rsquor;|0:2|Kevin Rodríguez|for Michael Estrada', '90&rsquor;|0:2|Alan Franco|for Moisés Caicedo']"
England,IR Iran,6,2.1,,2,1.4,,Gareth Southgate,Harry Kane,Carlos Queiroz,Ehsan Hajsafi,45334,"Khalifa International Stadium, Doha",Raphael Claus (Referee) · Rodrigo Correa (AR1) · Danilo Manis (AR2) · Kevin Ortega (4th) · Leodán González (VAR),Group stage,2022-11-21,6–2,Raphael Claus,,Qatar,2022,Jude Bellingham · 35|Bukayo Saka · 43|Raheem Sterling · 45+1|Bukayo Saka · 62|Marcus Rashford · 71|Jack Grealish · 90,Mehdi Taremi · 65,"['35&rsquor;|1:0|Jude Bellingham|Assist:|Luke Shaw', '43&rsquor;|2:0|Bukayo Saka|Assist:|Harry Maguire', '45+1&rsquor;|3:0|Raheem Sterling|Assist:|Harry Kane', '62&rsquor;|4:0|Bukayo Saka|Assist:|Raheem Sterling', '71&rsquor;|5:1|Marcus Rashford|Assist:|Harry Kane', '90&rsquor;|6:1|Jack Grealish|Assist:|Callum Wilson']",['65&rsquor;|4:1|Mehdi Taremi|Assist:|Ali Gholizadeh'],,,,Mehdi Taremi (P) · 90+13,,,,,,,,,,,,"['25&rsquor;|0:0|Alireza Jahanbakhsh', '48&rsquor;|3:0|Morteza Pouraliganji']","['70&rsquor;|4:1|Eric Dier|for Harry Maguire', '70&rsquor;|4:1|Marcus Rashford|for Bukayo Saka', '71&rsquor;|5:1|Jack Grealish|for Raheem Sterling', '71&rsquor;|5:1|Phil Foden|for Mason Mount', '76&rsquor;|5:1|Callum Wilson|for Harry Kane']","['20&rsquor;|0:0|Hossein Hosseini|for Alireza Beiranvand', '46&rsquor;|3:0|Hossein Kanaanizadegan|for Roozbeh Cheshmi', '46&rsquor;|3:0|Ali Gholizadeh|for Alireza Jahanbakhsh', '46&rsquor;|3:0|Saeid Ezatolahi|for Ali Karimi', '63&rsquor;|4:0|Mehdi Torabi|for Milad Mohammadi', '77&rsquor;|5:1|Sardar Azmoun|for Ahmad Nourollahi']"
United States,Wales,1,0.8,,1,1.5,,Gregg Berhalter,Tyler Adams,Rob Page,Gareth Bale,43418,"Ahmed bin Ali Stadium, Umm al-Afā'ī",Abdulrahman Ibrahim Al Jassim (Referee) · Taleb Salem Al Marri (AR1) · Saoud Ahmed Al Maqaleh (AR2) · Ma Ning (4th) · Abdulla Ali Al Marri (VAR),Group stage,2022-11-21,1–1,Abdulrahman Ibrahim Al Jassim,,Qatar,2022,Timothy Weah · 36,,['36&rsquor;|1:0|Timothy Weah|Assist:|Christian Pulisic'],,,,,Gareth Bale (P) · 82,,,,,,,,,,,"['11&rsquor;|0:0|Sergiño Dest', '13&rsquor;|0:0|Weston McKennie', '51&rsquor;|1:0|Tim Ream', '90+10&rsquor;|1:1|Kellyn Acosta']","['40&rsquor;|1:0|Gareth Bale', '45+2&rsquor;|1:0|Chris Mepham']","['66&rsquor;|1:0|Brenden Aaronson|for Weston McKennie', '74&rsquor;|1:0|DeAndre Yedlin|for Sergiño Dest', '74&rsquor;|1:0|Kellyn Acosta|for Yunus Musah', '74&rsquor;|1:0|Haji Wright|for Josh Sargent', '88&rsquor;|1:1|Jordan Morris|for Timothy Weah']","['46&rsquor;|1:0|Kieffer Moore|for Daniel James', '79&rsquor;|1:0|Brennan Johnson|for Neco Williams', '90+3&rsquor;|1:1|Sorba Thomas|for Harry Wilson', '90+5&rsquor;|1:1|Joe Morrell|for Ethan Ampadu']"
Senegal,Netherlands,0,0.9,,2,0.7,,Aliou Cissé,Kalidou Koulibaly,Louis van Gaal,Virgil van Dijk,41721,"Al Thumama Stadium, ath-Thumāma",Wilton Sampaio (Referee) · Bruno Boschilia (AR1) · Bruno Pires (AR2) · Andrés Matonte (4th) · Juan Soto (VAR),Group stage,2022-11-21,0–2,Wilton Sampaio,,Qatar,2022,,Cody Gakpo · 84|Davy Klaassen · 90+9,,"['84&rsquor;|0:1|Cody Gakpo|Assist:|Frenkie de Jong', '90+9&rsquor;|0:2|Davy Klaassen']",,,,,,,,,,,,,,,"['90+4&rsquor;|0:1|Nampalys Mendy', '90+6&rsquor;|0:1|Idrissa Gana Gueye']",['56&rsquor;|0:0|Matthijs de Ligt'],"['62&rsquor;|0:0|Ismail Jakobs|for Abdou Diallo', '69&rsquor;|0:0|Bamba Dieng|for Boulaye Dia', '73&rsquor;|0:0|Pape Gueye|for Cheikhou Kouyaté', '74&rsquor;|0:0|Nicolas Jackson|for Krépin Diatta']","['62&rsquor;|0:0|Memphis|for Vincent Janssen', '79&rsquor;|0:0|Davy Klaassen|for Steven Bergwijn', '79&rsquor;|0:0|Teun Koopmeiners|for Steven Berghuis', '90+4&rsquor;|0:1|Marten de Roon|for Cody Gakpo']"
France,Australia,4,4.0,,1,0.5,,Didier Deschamps,Hugo Lloris,Graham Arnold,Mathew Ryan,40875,"Al Janoub Stadium, Al Wakrah",Victor Gomes (Referee) · Zakhele Siwela (AR1) · Souru Phatsoane (AR2) · Salima Mukansanga (4th) · Drew Fischer (VAR),Group stage,2022-11-22,4–1,Victor Gomes,,Qatar,2022,Adrien Rabiot · 27|Olivier Giroud · 32|Kylian Mbappé · 68|Olivier Giroud · 71,Craig Goodwin · 9,"['27&rsquor;|1:1|Adrien Rabiot|Assist:|Theo Hernández', '32&rsquor;|2:1|Olivier Giroud|Assist:|Adrien Rabiot', '68&rsquor;|3:1|Kylian Mbappé|Assist:|Ousmane Dembélé', '71&rsquor;|4:1|Olivier Giroud|Assist:|Kylian Mbappé']",['9&rsquor;|0:1|Craig Goodwin|Assist:|Mathew Leckie'],,,,,,,,,,,,,,,,"['55&rsquor;|2:1|Mitchell Duke', '80&rsquor;|4:1|Jackson Irvine', '90+4&rsquor;|4:1|Aaron Mooy']","['13&rsquor;|0:1|Theo Hernández|for Lucas Hernández', '77&rsquor;|4:1|Youssouf Fofana|for Aurélien Tchouaméni', '77&rsquor;|4:1|Kingsley Coman|for Ousmane Dembélé', '89&rsquor;|4:1|Jules Koundé|for Benjamin Pavard', '89&rsquor;|4:1|Marcus Thuram|for Olivier Giroud']","['56&rsquor;|2:1|Jason Cummings|for Mitchell Duke', '73&rsquor;|4:1|Garang Kuol|for Craig Goodwin', '73&rsquor;|4:1|Awer Mabil|for Riley McGree', '85&rsquor;|4:1|Keanu Baccus|for Jackson Irvine', '85&rsquor;|4:1|Miloš Degenek|for Nathaniel Atkinson']"
Mexico,Poland,0,0.7,,0,0.9,,Tata Martino,Guillermo Ochoa,Czesław Michniewicz,Robert Lewandowski,39369,"Stadium 974, Doha",Chris Beath (Referee) · Anton Shchetinin (AR1) · Ashley Beecham (AR2) · Stéphanie Frappart (4th) · Shaun Evans (VAR),Group stage,2022-11-22,0–0,Chris Beath,,Qatar,2022,,,,,,,,,,['58&rsquor;|0:0|Robert Lewandowski|Penalty saved by Guillermo Ochoa'],,,,,,,,,"['29&rsquor;|0:0|Jorge Eduardo Sánchez', '56&rsquor;|0:0|Héctor Moreno']",['76&rsquor;|0:0|Przemysław Frankowski'],"['71&rsquor;|0:0|Raúl Jiménez|for Henry Martín', '71&rsquor;|0:0|Charly Rodríguez|for Héctor Herrera', '84&rsquor;|0:0|Uriel Antuna|for Alexis Vega']","['46&rsquor;|0:0|Krystian Bielik|for Nicola Zalewski', '72&rsquor;|0:0|Przemysław Frankowski|for Sebastian Szymański', '87&rsquor;|0:0|Arkadiusz Milik|for Piotr Zieliński']"
Denmark,Tunisia,0,1.4,,0,0.9,,Kasper Hjulmand,Simon Kjær,Jalel Kadri,Youssef Msakni,42925,"Education City Stadium, Doha",César Arturo Ramos (Referee) · Alberto Morín (AR1) · Miguel Ángel Hernández (AR2) · Said Martínez (4th) · Fernando Guerrero (VAR),Group stage,2022-11-22,0–0,César Arturo Ramos,,Qatar,2022,,,,,,,,,,,,,,,,,,,"['24&rsquor;|0:0|Rasmus Nissen', '78&rsquor;|0:0|Mathias Jensen']",['86&rsquor;|0:0|Taha Yassine Khenissi'],"['45+1&rsquor;|0:0|Mikkel Damsgaard|for Thomas Delaney', '65&rsquor;|0:0|Mathias Jensen|for Simon Kjær', '65&rsquor;|0:0|Andreas Cornelius|for Kasper Dolberg', '65&rsquor;|0:0|Jesper Lindstrøm|for Andreas Skov Olsen']","['67&rsquor;|0:0|Naïm Sliti|for Anis Ben Slimane', '80&rsquor;|0:0|Taha Yassine Khenissi|for Issam Jebali', '80&rsquor;|0:0|Hannibal Mejbri|for Youssef Msakni', '88&rsquor;|0:0|Wajdi Kechrida|for Mohamed Dräger', '88&rsquor;|0:0|Ferjani Sassi|for Aïssa Laïdouni']"
Argentina,Saudi Arabia,1,2.2,,2,0.1,,Lionel Scaloni,Lionel Messi,Hervé Renard,Salman Al-Faraj,88012,"Lusail Iconic Stadium, Lusail",Slavko Vinčič (Referee) · Tomaž Klančnik (AR1) · Andraž Kovačič (AR2) · Maguette Ndiaye (4th) · Pol van Boekel (VAR),Group stage,2022-11-22,1–2,Slavko Vinčič,,Qatar,2022,,Saleh Al-Shehri · 48|Salem Al-Dawsari · 53,,"['48&rsquor;|1:1|Saleh Al-Shehri|Assist:|Firas Al-Buraikan', '53&rsquor;|1:2|Salem Al-Dawsari']",,,Lionel Messi (P) · 10,,,,,,,,,,,,,"['67&rsquor;|1:2|Abdulellah Al-Malki', '75&rsquor;|1:2|Ali Al-Bulaihi', '79&rsquor;|1:2|Salem Al-Dawsari', '82&rsquor;|1:2|Saud Abdulhamid', '88&rsquor;|1:2|Nawaf Al Abed', '90+2&rsquor;|1:2|Mohammed Al-Owais']","['59&rsquor;|1:2|Lisandro Martínez|for Cristian Romero', '59&rsquor;|1:2|Julián Álvarez|for Papu Gómez', '59&rsquor;|1:2|Enzo Fernández|for Leandro Paredes', '71&rsquor;|1:2|Marcos Acuña|for Nicolás Tagliafico']","['45+4&rsquor;|1:0|Nawaf Al Abed|for Salman Al-Faraj', '78&rsquor;|1:2|Sultan Al-Ghanam|for Saleh Al-Shehri', '89&rsquor;|1:2|Abdulelah Al-Amri|for Nawaf Al Abed', '89&rsquor;|1:2|Asiri Haitham|for Firas Al-Buraikan', '90+9&rsquor;|1:2|Mohammed Al-Breik|for Yasser Al-Shahrani']"
Belgium,Canada,1,0.8,,0,2.4,,Roberto Martínez,Eden Hazard,John Herdman,Atiba Hutchinson,40432,"Ahmed bin Ali Stadium, Umm al-Afā'ī",Janny Sikazwe (Referee) · Jerson dos Santos (AR1) · Arsénio Marengula (AR2) · Yoshimi Yamashita (4th) · Juan Soto (VAR),Group stage,2022-11-23,1–0,Janny Sikazwe,,Qatar,2022,Michy Batshuayi · 44,,['44&rsquor;|1:0|Michy Batshuayi|Assist:|Toby Alderweireld'],,,,,,,['10&rsquor;|0:0|Alphonso Davies|Penalty saved by Thibaut Courtois'],,,,,,,,,"['9&rsquor;|0:0|Yannick Carrasco', '53&rsquor;|1:0|Thomas Meunier', '56&rsquor;|1:0|Amadou Onana']","['81&rsquor;|1:0|Alphonso Davies', '83&rsquor;|1:0|Alistair Johnston']","['46&rsquor;|1:0|Amadou Onana|for Youri Tielemans', '46&rsquor;|1:0|Thomas Meunier|for Yannick Carrasco', '62&rsquor;|1:0|Leandro Trossard|for Eden Hazard', '78&rsquor;|1:0|Loïs Openda|for Michy Batshuayi']","['58&rsquor;|1:0|Ismaël Koné|for Atiba Hutchinson', '58&rsquor;|1:0|Cyle Larin|for Junior Hoilett', '74&rsquor;|1:0|Sam Adekugbe|for Richie Laryea', '81&rsquor;|1:0|Jonathan Osorio|for Stephen Eustáquio', '81&rsquor;|1:0|Liam Millar|for Tajon Buchanan']"
Spain,Costa Rica,7,3.5,,0,0.0,,Luis Enrique,Sergio Busquets,Luis Fernando Suárez,Keylor Navas,40013,"Al Thumama Stadium, ath-Thumāma",Mohammed Abdulla Hassan (Referee) · Mohamed Ahmed Al Hammadi (AR1) · Hasan Mohamed Suqatari (AR2) · Ma Ning (4th) · Abdulla Ali Al Marri (VAR),Group stage,2022-11-23,7–0,Mohammed Abdulla Hassan,,Qatar,2022,Dani Olmo · 11|Marco Asensio · 21|Ferrán Torres · 54|Gavi · 74|Carlos Soler · 90|Álvaro Morata · 90+2,,"['11&rsquor;|1:0|Dani Olmo', '21&rsquor;|2:0|Marco Asensio|Assist:|Jordi Alba', '54&rsquor;|4:0|Ferrán Torres', '74&rsquor;|5:0|Gavi|Assist:|Álvaro Morata', '90&rsquor;|6:0|Carlos Soler', '90+2&rsquor;|7:0|Álvaro Morata|Assist:|Dani Olmo']",,,,Ferrán Torres (P) · 31,,,,,,,,,,,,,"['68&rsquor;|4:0|Francisco Calvo', '90+7&rsquor;|7:0|Joel Campbell']","['57&rsquor;|4:0|Álvaro Morata|for Ferrán Torres', '57&rsquor;|4:0|Carlos Soler|for Pedri', '64&rsquor;|4:0|Koke|for Sergio Busquets', '64&rsquor;|4:0|Alejandro Balde|for Jordi Alba', '69&rsquor;|4:0|Nico Williams|for Marco Asensio']","['46&rsquor;|3:0|Kendall Waston|for Carlos Martínez', '61&rsquor;|4:0|Álvaro Zamora|for Anthony Contreras', '61&rsquor;|4:0|Bryan Ruiz|for Jewison Bennette', '72&rsquor;|4:0|Brandon Aguilera|for Celso Borges', '82&rsquor;|5:0|Rónald Matarrita|for Bryan Oviedo']"
Germany,Japan,1,3.1,,2,1.5,,Hansi Flick,Manuel Neuer,Hajime Moriyasu,Maya Yoshida,42608,"Khalifa International Stadium, Doha",Iván Barton (Referee) · David Morán (AR1) · Zachari Zeegelaar (AR2) · Said Martínez (4th) · Mauro Vigliano (VAR),Group stage,2022-11-23,1–2,Iván Barton,,Qatar,2022,,Ritsu Doan · 75|Takuma Asano · 83,,"['75&rsquor;|1:1|Ritsu Doan', '83&rsquor;|1:2|Takuma Asano|Assist:|Ko Itakura']",,,İlkay Gündoğan (P) · 33,,,,,,,,,,,,,,"['67&rsquor;|1:0|Jonas Hofmann|for Thomas Müller', '67&rsquor;|1:0|Leon Goretzka|for İlkay Gündoğan', '79&rsquor;|1:1|Mario Götze|for Jamal Musiala', '79&rsquor;|1:1|Niclas Füllkrug|for Kai Havertz', '90&rsquor;|1:2|Youssoufa Moukoko|for Serge Gnabry']","['46&rsquor;|1:0|Takehiro Tomiyasu|for Takefusa Kubo', '57&rsquor;|1:0|Kaoru Mitoma|for Yuto Nagatomo', '57&rsquor;|1:0|Takuma Asano|for Daizen Maeda', '71&rsquor;|1:0|Ritsu Doan|for Ao Tanaka', '74&rsquor;|1:0|Takumi Minamino|for Hiroki Sakai']"
Morocco,Croatia,0,0.4,,0,0.5,,Hoalid Regragui,Romain Saïss,Zlatko Dalić,Luka Modrić,59407,"Al Bayt Stadium, Al Khor",Fernando Rapallini (Referee) · Juan Pablo Belatti (AR1) · Diego Bonfá (AR2) · Kevin Ortega (4th) · Julio Bascuñán (VAR),Group stage,2022-11-23,0–0,Fernando Rapallini,,Qatar,2022,,,,,,,,,,,,,,,,,,,['78&rsquor;|0:0|Sofyan Amrabat'],,"['60&rsquor;|0:0|Yahya Attiat Allah|for Noussair Mazraoui', '66&rsquor;|0:0|Abdessamad Ezzalzouli|for Sofiane Boufal', '81&rsquor;|0:0|Abderrazak Hamdallah|for Youssef En-Nesyri', '82&rsquor;|0:0|Abdelhamid Sabiri|for Azzedine Ounahi']","['46&rsquor;|0:0|Mario Pašalić|for Nikola Vlašić', '71&rsquor;|0:0|Marko Livaja|for Andrej Kramarić', '79&rsquor;|0:0|Lovro Majer|for Mateo Kovačić', '90&rsquor;|0:0|Mislav Oršić|for Ivan Perišić']"
Brazil,Serbia,2,2.4,,0,0.2,,Tite,Thiago Silva,Dragan Stojković,Dušan Tadić,88103,"Lusail Iconic Stadium, Lusail",Alireza Faghani (Referee) · Mohammadreza Mansouri (AR1) · Mohammadreza Abolfazli (AR2) · Maguette Ndiaye (4th) · Abdulla Ali Al Marri (VAR),Group stage,2022-11-24,2–0,Alireza Faghani,,Qatar,2022,Richarlison · 62|Richarlison · 73,,"['62&rsquor;|1:0|Richarlison', '73&rsquor;|2:0|Richarlison|Assist:|Vinicius Júnior']",,,,,,,,,,,,,,,,,"['7&rsquor;|0:0|Strahinja Pavlović', '49&rsquor;|0:0|Nemanja Gudelj', '64&rsquor;|1:0|Saša Lukić']","['75&rsquor;|2:0|Fred|for Lucas Paquetá', '76&rsquor;|2:0|Rodrygo|for Vinicius Júnior', '79&rsquor;|2:0|Gabriel Jesus|for Richarlison', '80&rsquor;|2:0|Antony|for Neymar', '87&rsquor;|2:0|Martinelli|for Raphinha']","['57&rsquor;|0:0|Ivan Ilić|for Nemanja Gudelj', '57&rsquor;|0:0|Nemanja Radonjić|for Andrija Živković', '66&rsquor;|1:0|Darko Lazović|for Saša Lukić', '66&rsquor;|1:0|Dušan Vlahović|for Filip Mladenović', '83&rsquor;|2:0|Nemanja Maksimović|for Aleksandar Mitrović']"
Portugal,Ghana,3,2.0,,2,0.9,,Fernando Santos,Cristiano Ronaldo,Otto Addo,André Ayew,42662,"Stadium 974, Doha",Ismail Elfath (Referee) · Kyle Atkins (AR1) · Corey Parker (AR2) · Stéphanie Frappart (4th) · Armando Villarreal (VAR),Group stage,2022-11-24,3–2,Ismail Elfath,,Qatar,2022,João Félix · 78|Rafael Leão · 80,André Ayew · 73|Osman Bukari · 89,"['78&rsquor;|2:1|João Félix|Assist:|Bruno Fernandes', '80&rsquor;|3:1|Rafael Leão|Assist:|Bruno Fernandes']","['73&rsquor;|1:1|André Ayew', '89&rsquor;|3:2|Osman Bukari']",,,Cristiano Ronaldo (P) · 65,,,,,,,,,,,,"['90+1&rsquor;|3:2|Danilo Pereira', '90+5&rsquor;|3:2|Bruno Fernandes']","['45&rsquor;|0:0|Kudus Mohammed', '49&rsquor;|0:0|André Ayew', '57&rsquor;|0:0|Alidu Seidu', '90+1&rsquor;|3:2|Daniel Amartey']","['56&rsquor;|0:0|William Carvalho|for Otávio', '77&rsquor;|1:1|Rafael Leão|for Rúben Neves', '88&rsquor;|3:1|João Mário|for Cristiano Ronaldo', '88&rsquor;|3:1|Gonçalo Ramos|for João Félix', '88&rsquor;|3:1|João Palhinha|for Bernardo Silva']","['66&rsquor;|1:0|Tariq Lamptey|for Alidu Seidu', '77&rsquor;|1:1|Osman Bukari|for Kudus Mohammed', '77&rsquor;|1:1|Jordan Ayew|for André Ayew', '90+2&rsquor;|3:2|Daniel Kyereh|for Salis Abdul Samed', '90+2&rsquor;|3:2|Antoine Semenyo|for Alexander Djiku']"
Uruguay,Korea Republic,0,0.6,,0,0.6,,Diego Alonso,Diego Godín,Paulo Bento,Son Heung-min,41663,"Education City Stadium, Doha",Clément Turpin (Referee) · Nicolas Danos (AR1) · Cyril Gringore (AR2) · István Kovács (4th) · Jérôme Brisard (VAR),Group stage,2022-11-24,0–0,Clément Turpin,,Qatar,2022,,,,,,,,,,,,,,,,,,,['57&rsquor;|0:0|Martín Cáceres'],"['88&rsquor;|0:0|Cho Guesung', '90+8&rsquor;|0:0|Paulo Bento']","['64&rsquor;|0:0|Edinson Cavani|for Luis Suárez', '78&rsquor;|0:0|Nicolás De La Cruz|for Matías Vecino', '79&rsquor;|0:0|Matías Viña|for Mathías Olivera', '88&rsquor;|0:0|Guillermo Varela|for Facundo Pellistri']","['74&rsquor;|0:0|Cho Guesung|for Hwang Ui-jo', '74&rsquor;|0:0|Son Jun-ho|for Lee Jae-sung', '75&rsquor;|0:0|Lee Kangin|for Na Sang-ho']"
Switzerland,Cameroon,1,1.4,,0,0.7,,Murat Yakin,Granit Xhaka,Rigobert Song,Eric Maxim Choupo-Moting,39089,"Al Janoub Stadium, Al Wakrah",Facundo Tello (Referee) · Ezequiel Brailovsky (AR1) · Gabriel Chade (AR2) · Said Martínez (4th) · Mauro Vigliano (VAR),Group stage,2022-11-24,1–0,Facundo Tello,,Qatar,2022,Breel Embolo · 48,,['48&rsquor;|1:0|Breel Embolo|Assist:|Xherdan Shaqiri'],,,,,,,,,,,,,,,,"['64&rsquor;|1:0|Nico Elvedi', '83&rsquor;|1:0|Manuel Akanji']",['36&rsquor;|0:0|Collins Fai'],"['71&rsquor;|1:0|Fabian Frei|for Djibril Sow', '72&rsquor;|1:0|Noah Okafor|for Xherdan Shaqiri', '72&rsquor;|1:0|Haris Seferović|for Breel Embolo', '81&rsquor;|1:0|Fabian Rieder|for Ruben Vargas', '90&rsquor;|1:0|Eray Cömert|for Ricardo Rodríguez']","['68&rsquor;|1:0|Gaël Ondoua|for Martin Hongla', '74&rsquor;|1:0|Vincent Aboubakar|for Eric Maxim Choupo-Moting', ""74&rsquor;|1:0|Georges-Kévin N'Koudou|for Karl Toko Ekambi"", '81&rsquor;|1:0|Moumi Ngamaleu|for André Onana']"
Wales,IR Iran,0,0.9,,2,1.4,,Rob Page,Gareth Bale,Carlos Queiroz,Ehsan Hajsafi,40875,"Ahmed bin Ali Stadium, Umm al-Afā'ī",Mario Escobar (Referee) · Caleb Wales (AR1) · Juan Carlos Mora (AR2) · Maguette Ndiaye (4th) · Drew Fischer (VAR),Group stage,2022-11-25,0–2,Mario Escobar,,Qatar,2022,,Roozbeh Cheshmi · 90+9|Ramin Rezaeian · 90+11,,"['90+9&rsquor;|0:1|Roozbeh Cheshmi', '90+11&rsquor;|0:2|Ramin Rezaeian|Assist:|Mehdi Taremi']",,,,,,,,,,,Wayne Hennessey · 86,,,,['45+3&rsquor;|0:0|Joe Rodon'],"['90+5&rsquor;|0:0|Ramin Rezaeian', '90+5&rsquor;|0:0|Alireza Jahanbakhsh']","['57&rsquor;|0:0|Brennan Johnson|for Connor Roberts', '58&rsquor;|0:0|Daniel James|for Harry Wilson', '77&rsquor;|0:0|Joe Allen|for Ethan Ampadu', '87&rsquor;|0:0|Danny Ward|for Aaron Ramsey']","['68&rsquor;|0:0|Karim Ansarifard|for Sardar Azmoun', '77&rsquor;|0:0|Alireza Jahanbakhsh|for Ali Gholizadeh', '77&rsquor;|0:0|Mehdi Torabi|for Ehsan Hajsafi', '78&rsquor;|0:0|Roozbeh Cheshmi|for Ahmad Nourollahi', '83&rsquor;|0:0|Ali Karimi|for Saeid Ezatolahi']"
Netherlands,Ecuador,1,0.1,,1,1.7,,Louis van Gaal,Virgil van Dijk,Gustavo Alfaro,Enner Valencia,44833,"Khalifa International Stadium, Doha",Mustapha Ghorbal (Referee) · Mokrane Gourari (AR1) · Abdelhak Etchiali (AR2) · Said Martínez (4th) · Shaun Evans (VAR),Group stage,2022-11-25,1–1,Mustapha Ghorbal,,Qatar,2022,Cody Gakpo · 6,Enner Valencia · 49,['6&rsquor;|1:0|Cody Gakpo|Assist:|Davy Klaassen'],['49&rsquor;|1:1|Enner Valencia'],,,,,,,,,,,,,,,,['57&rsquor;|1:1|Jhegson Méndez'],"['46&rsquor;|1:0|Memphis|for Steven Bergwijn', '69&rsquor;|1:1|Steven Berghuis|for Davy Klaassen', '79&rsquor;|1:1|Marten de Roon|for Teun Koopmeiners', '80&rsquor;|1:1|Wout Weghorst|for Cody Gakpo']","['74&rsquor;|1:1|Jeremy Sarmiento|for Michael Estrada', '90&rsquor;|1:1|Kevin Rodríguez|for Enner Valencia', '90&rsquor;|1:1|Romario Ibarra|for Gonzalo Plata']"
Qatar,Senegal,1,1.0,,3,0.8,,Félix Sánchez,Hassan Al-Haydos,Aliou Cissé,Kalidou Koulibaly,41797,"Al Thumama Stadium, ath-Thumāma",Antonio Matéu (Referee) · Pau Cebrián (AR1) · Roberto Díaz (AR2) · Kevin Ortega (4th) · Alejandro Hernández (VAR),Group stage,2022-11-25,1–3,Antonio Matéu,,Qatar,2022,Mohammed Muntari · 78,Boulaye Dia · 41|Famara Diedhiou · 48|Bamba Dieng · 84,['78&rsquor;|1:2|Mohammed Muntari|Assist:|Ismail Mohamad'],"['41&rsquor;|0:1|Boulaye Dia', '48&rsquor;|0:2|Famara Diedhiou|Assist:|Ismail Jakobs', '84&rsquor;|1:3|Bamba Dieng|Assist:|Iliman Ndiaye']",,,,,,,,,,,,,,,"['20&rsquor;|0:0|Ismail Mohamad', '45+2&rsquor;|0:1|Homam Ahmed', '90+1&rsquor;|1:3|Assim Madibo']","['30&rsquor;|0:0|Boulaye Dia', '52&rsquor;|0:2|Ismail Jakobs', '87&rsquor;|1:3|Pathé Ciss']","['69&rsquor;|0:2|Abdulaziz Hatem|for Karim Boudiaf', '74&rsquor;|0:2|Mohammed Muntari|for Hassan Al-Haydos', '83&rsquor;|1:2|Mohammed Waad|for Homam Ahmed', '83&rsquor;|1:2|Tarek Salman|for Ró-Ró']","['64&rsquor;|0:2|Pathé Ciss|for Krépin Diatta', '74&rsquor;|0:2|Bamba Dieng|for Famara Diedhiou', '75&rsquor;|0:2|Iliman Ndiaye|for Ismaila Sarr', '77&rsquor;|0:2|Pape Abou Cissé|for Ismail Jakobs', '77&rsquor;|0:2|Pape Matar Sarr|for Nampalys Mendy']"
England,United States,0,0.8,,0,0.6,,Gareth Southgate,Harry Kane,Gregg Berhalter,Tyler Adams,68463,"Al Bayt Stadium, Al Khor",Jesús Valenzuela (Referee) · Jorge Urrego (AR1) · Tulio Moreno (AR2) · Yoshimi Yamashita (4th) · Juan Soto (VAR),Group stage,2022-11-25,0–0,Jesús Valenzuela,,Qatar,2022,,,,,,,,,,,,,,,,,,,,,"['68&rsquor;|0:0|Jack Grealish|for Raheem Sterling', '69&rsquor;|0:0|Jordan Henderson|for Jude Bellingham', '78&rsquor;|0:0|Marcus Rashford|for Bukayo Saka']","['77&rsquor;|0:0|Brenden Aaronson|for Weston McKennie', '78&rsquor;|0:0|Shaquell Moore|for Sergiño Dest', '83&rsquor;|0:0|Gio Reyna|for Timothy Weah', '83&rsquor;|0:0|Josh Sargent|for Haji Wright']"
Argentina,Mexico,2,0.3,,0,0.3,,Lionel Scaloni,Lionel Messi,Tata Martino,Andrés Guardado,88966,"Lusail Iconic Stadium, Lusail",Daniele Orsato (Referee) · Ciro Carbone (AR1) · Alessandro Giallatini (AR2) · István Kovács (4th) · Massimiliano Irrati (VAR),Group stage,2022-11-26,2–0,Daniele Orsato,,Qatar,2022,Lionel Messi · 64|Enzo Fernández · 87,,"['64&rsquor;|1:0|Lionel Messi|Assist:|Ángel Di María', '87&rsquor;|2:0|Enzo Fernández|Assist:|Lionel Messi']",,,,,,,,,,,,,,,,['43&rsquor;|0:0|Gonzalo Montiel'],"['22&rsquor;|0:0|Néstor Araujo', '50&rsquor;|0:0|Erick Gutiérrez', '66&rsquor;|1:0|Héctor Herrera', '89&rsquor;|2:0|Roberto Alvarado']","['57&rsquor;|0:0|Enzo Fernández|for Guido Rodríguez', '63&rsquor;|0:0|Julián Álvarez|for Lautaro Martínez', '63&rsquor;|0:0|Nahuel Molina|for Gonzalo Montiel', '69&rsquor;|1:0|Exequiel Palacios|for Alexis Mac Allister', '69&rsquor;|1:0|Cristian Romero|for Ángel Di María']","['42&rsquor;|0:0|Erick Gutiérrez|for Andrés Guardado', '66&rsquor;|1:0|Uriel Antuna|for Alexis Vega', '66&rsquor;|1:0|Raúl Jiménez|for Kevin Álvarez', '73&rsquor;|1:0|Roberto Alvarado|for Hirving Lozano']"
France,Denmark,2,2.4,,1,0.6,,Didier Deschamps,Hugo Lloris,Kasper Hjulmand,Kasper Schmeichel,42860,"Stadium 974, Doha",Szymon Marciniak (Referee) · Paweł Sokolnicki (AR1) · Tomasz Listkiewicz (AR2) · Ma Ning (4th) · Tomasz Kwiatkowski (VAR),Group stage,2022-11-26,2–1,Szymon Marciniak,,Qatar,2022,Kylian Mbappé · 61|Kylian Mbappé · 86,Andreas Christensen · 68,"['61&rsquor;|1:0|Kylian Mbappé|Assist:|Theo Hernández', '86&rsquor;|2:1|Kylian Mbappé|Assist:|Antoine Griezmann']",['68&rsquor;|1:1|Andreas Christensen|Assist:|Joachim Andersen'],,,,,,,,,,,,,,,['43&rsquor;|0:0|Jules Koundé'],"['20&rsquor;|0:0|Andreas Christensen', '23&rsquor;|0:0|Andreas Cornelius']","['63&rsquor;|1:0|Marcus Thuram|for Olivier Giroud', '75&rsquor;|1:1|Ibrahima Konaté|for Raphaël Varane', '75&rsquor;|1:1|Kingsley Coman|for Ousmane Dembélé', '90+3&rsquor;|2:1|Youssouf Fofana|for Antoine Griezmann']","['46&rsquor;|0:0|Martin Braithwaite|for Andreas Cornelius', '73&rsquor;|1:1|Kasper Dolberg|for Mikkel Damsgaard', '85&rsquor;|1:1|Christian Nørgaard|for Jesper Lindstrøm', '90+2&rsquor;|2:1|Alexander Bah|for Rasmus Nissen']"
Poland,Saudi Arabia,2,1.6,,0,1.7,,Czesław Michniewicz,Robert Lewandowski,Hervé Renard,Salem Al-Dawsari,44259,"Education City Stadium, Doha",Wilton Sampaio (Referee) · Bruno Boschilia (AR1) · Bruno Pires (AR2) · Kevin Ortega (4th) · Drew Fischer (VAR),Group stage,2022-11-26,2–0,Wilton Sampaio,,Qatar,2022,Piotr Zieliński · 39|Robert Lewandowski · 82,,"['39&rsquor;|1:0|Piotr Zieliński|Assist:|Robert Lewandowski', '82&rsquor;|2:0|Robert Lewandowski']",,,,,,,['45+1&rsquor;|1:0|Salem Al-Dawsari|Penalty saved by Wojciech Szczęsny'],,,,,,,,,"['15&rsquor;|0:0|Jakub Kiwior', '16&rsquor;|0:0|Matty Cash', '19&rsquor;|0:0|Arkadiusz Milik']","['20&rsquor;|0:0|Abdulellah Al-Malki', '45+4&rsquor;|1:0|Abdulelah Al-Amri']","['63&rsquor;|1:0|Jakub Kamiński|for Piotr Zieliński', '71&rsquor;|1:0|Krzysztof Piątek|for Arkadiusz Milik']","['46&rsquor;|1:0|Nawaf Al Abed|for Sami Al-Najei', '65&rsquor;|1:0|Sultan Al-Ghanam|for Mohammed Al-Breik', '85&rsquor;|2:0|Abdulrahman Al-Aboud|for Abdulellah Al-Malki', '86&rsquor;|2:0|Nasser Al-Dawsari|for Saleh Al-Shehri', '90+5&rsquor;|2:0|Hattan Bahebri|for Nawaf Al Abed']"
Tunisia,Australia,0,0.9,,1,0.6,,Jalel Kadri,Youssef Msakni,Graham Arnold,Mathew Ryan,41823,"Al Janoub Stadium, Al Wakrah",Daniel Siebert (Referee) · Rafael Foltyn (AR1) · Jan Seidel (AR2) · Said Martínez (4th) · Bastian Dankert (VAR),Group stage,2022-11-26,0–1,Daniel Siebert,,Qatar,2022,,Mitchell Duke · 23,,['23&rsquor;|0:1|Mitchell Duke|Assist:|Craig Goodwin'],,,,,,,,,,,,,,,"['26&rsquor;|0:1|Aïssa Laïdouni', '65&rsquor;|0:1|Ali Abdi', '90+3&rsquor;|0:1|Ferjani Sassi']",,"['46&rsquor;|0:1|Ferjani Sassi|for Mohamed Dräger', '67&rsquor;|0:1|Wahbi Khazri|for Aïssa Laïdouni', '73&rsquor;|0:1|Wajdi Kechrida|for Dylan Bronn', '73&rsquor;|0:1|Taha Yassine Khenissi|for Issam Jebali']","['64&rsquor;|0:1|Ajdin Hrustic|for Riley McGree', '64&rsquor;|0:1|Jamie Maclaren|for Mitchell Duke', '75&rsquor;|0:1|Miloš Degenek|for Fran Karačić', '85&rsquor;|0:1|Awer Mabil|for Craig Goodwin', '85&rsquor;|0:1|Keanu Baccus|for Mathew Leckie']"
Spain,Germany,1,0.6,,1,1.3,,Luis Enrique,Sergio Busquets,Hansi Flick,Manuel Neuer,68895,"Al Bayt Stadium, Al Khor",Danny Makkelie (Referee) · Hessel Steegstra (AR1) · Jan de Vries (AR2) · István Kovács (4th) · Pol van Boekel (VAR),Group stage,2022-11-27,1–1,Danny Makkelie,,Qatar,2022,Álvaro Morata · 62,Niclas Füllkrug · 83,['62&rsquor;|1:0|Álvaro Morata|Assist:|Jordi Alba'],['83&rsquor;|1:1|Niclas Füllkrug|Assist:|Jamal Musiala'],,,,,,,,,,,,,,,['44&rsquor;|0:0|Sergio Busquets'],"['37&rsquor;|0:0|Thilo Kehrer', '58&rsquor;|0:0|Leon Goretzka', '60&rsquor;|0:0|Joshua Kimmich']","['54&rsquor;|0:0|Álvaro Morata|for Ferrán Torres', '66&rsquor;|1:0|Koke|for Marco Asensio', '66&rsquor;|1:0|Nico Williams|for Gavi', '82&rsquor;|1:0|Alejandro Balde|for Jordi Alba']","['70&rsquor;|1:0|Lukas Klostermann|for Thilo Kehrer', '70&rsquor;|1:0|Niclas Füllkrug|for Thomas Müller', '70&rsquor;|1:0|Leroy Sané|for İlkay Gündoğan', '85&rsquor;|1:1|Jonas Hofmann|for Serge Gnabry', '87&rsquor;|1:1|Nico Schlotterbeck|for David Raum']"
Croatia,Canada,4,2.6,,1,0.4,,Zlatko Dalić,Luka Modrić,John Herdman,Atiba Hutchinson,44374,"Khalifa International Stadium, Doha",Andrés Matonte (Referee) · Nicolás Tarán (AR1) · Martín Soppi (AR2) · Kevin Ortega (4th) · Mauro Vigliano (VAR),Group stage,2022-11-27,4–1,Andrés Matonte,,Qatar,2022,Andrej Kramarić · 36|Marko Livaja · 44|Andrej Kramarić · 70|Lovro Majer · 90+4,Alphonso Davies · 2,"['36&rsquor;|1:1|Andrej Kramarić|Assist:|Ivan Perišić', '44&rsquor;|2:1|Marko Livaja|Assist:|Josip Juranović', '70&rsquor;|3:1|Andrej Kramarić|Assist:|Ivan Perišić', '90+4&rsquor;|4:1|Lovro Majer|Assist:|Mislav Oršić']",['2&rsquor;|0:1|Alphonso Davies|Assist:|Tajon Buchanan'],,,,,,,,,,,,,,,"['56&rsquor;|2:1|Dejan Lovren', '85&rsquor;|3:1|Luka Modrić']","['52&rsquor;|2:1|Tajon Buchanan', '85&rsquor;|3:1|Kamal Miller']","['60&rsquor;|2:1|Bruno Petković|for Marko Livaja', '73&rsquor;|3:1|Nikola Vlašić|for Andrej Kramarić', '86&rsquor;|3:1|Mislav Oršić|for Ivan Perišić', '86&rsquor;|3:1|Lovro Majer|for Luka Modrić', '86&rsquor;|3:1|Mario Pašalić|for Mateo Kovačić']","['46&rsquor;|2:1|Ismaël Koné|for Stephen Eustáquio', '46&rsquor;|2:1|Jonathan Osorio|for Cyle Larin', '62&rsquor;|2:1|Junior Hoilett|for Richie Laryea', '72&rsquor;|3:1|Lucas Cavallini|for Jonathan David', '72&rsquor;|3:1|Sam Adekugbe|for Atiba Hutchinson']"
Belgium,Morocco,0,1.0,,2,1.5,,Roberto Martínez,Eden Hazard,Hoalid Regragui,Romain Saïss,43738,"Al Thumama Stadium, ath-Thumāma",César Arturo Ramos (Referee) · Alberto Morín (AR1) · Miguel Ángel Hernández (AR2) · Yoshimi Yamashita (4th) · Fernando Guerrero (VAR),Group stage,2022-11-27,0–2,César Arturo Ramos,,Qatar,2022,,Romain Saïss · 73|Zakaria Aboukhlal · 90+2,,"['73&rsquor;|0:1|Romain Saïss|Assist:|Abdelhamid Sabiri', '90+2&rsquor;|0:2|Zakaria Aboukhlal|Assist:|Hakim Ziyech']",,,,,,,,,,,,,,,['28&rsquor;|0:0|Amadou Onana'],['90+5&rsquor;|0:2|Abdelhamid Sabiri'],"['60&rsquor;|0:0|Youri Tielemans|for Amadou Onana', '60&rsquor;|0:0|Dries Mertens|for Eden Hazard', '75&rsquor;|0:1|Leandro Trossard|for Michy Batshuayi', '75&rsquor;|0:1|Charles De Ketelaere|for Thorgan Hazard', '81&rsquor;|0:1|Romelu Lukaku|for Thomas Meunier']","['67&rsquor;|0:0|Abdelhamid Sabiri|for Selim Amallah', '68&rsquor;|0:0|Yahya Attiat Allah|for Achraf Hakimi', '73&rsquor;|0:1|Abderrazak Hamdallah|for Youssef En-Nesyri', '73&rsquor;|0:1|Zakaria Aboukhlal|for Sofiane Boufal', '78&rsquor;|0:1|Jawad El Yamiq|for Azzedine Ounahi']"
Japan,Costa Rica,0,0.9,,1,0.1,,Hajime Moriyasu,Maya Yoshida,Luis Fernando Suárez,Keylor Navas,41479,"Ahmed bin Ali Stadium, Umm al-Afā'ī",Michael Oliver (Referee) · Stuart Burt (AR1) · Simon Bennett (AR2) · Maguette Ndiaye (4th) · Jérôme Brisard (VAR),Group stage,2022-11-27,0–1,Michael Oliver,,Qatar,2022,,Keysher Fuller · 81,,['81&rsquor;|0:1|Keysher Fuller|Assist:|Yeltsin Tejeda'],,,,,,,,,,,,,,,"['44&rsquor;|0:0|Miki Yamane', '84&rsquor;|0:1|Ko Itakura', '90+3&rsquor;|0:1|Wataru Endo']","['41&rsquor;|0:0|Anthony Contreras', '62&rsquor;|0:0|Celso Borges', '70&rsquor;|0:0|Francisco Calvo']","['46&rsquor;|0:0|Takuma Asano|for Ayase Ueda', '46&rsquor;|0:0|Hiroki Ito|for Yuto Nagatomo', '62&rsquor;|0:0|Kaoru Mitoma|for Miki Yamane', '67&rsquor;|0:0|Junya Ito|for Ritsu Doan', '82&rsquor;|0:1|Takumi Minamino|for Yuki Soma']","['65&rsquor;|0:0|Jewison Bennette|for Anthony Contreras', '65&rsquor;|0:0|Brandon Aguilera|for Gerson Torres', '89&rsquor;|0:1|Youstin Salas|for Celso Borges', '90+5&rsquor;|0:1|Daniel Chacón|for Joel Campbell']"
Korea Republic,Ghana,2,1.8,,3,1.6,,Paulo Bento,Son Heung-min,Otto Addo,André Ayew,43983,"Education City Stadium, Doha",Anthony Taylor (Referee) · Gary Beswick (AR1) · Adam Nunn (AR2) · Kevin Ortega (4th) · Tomasz Kwiatkowski (VAR),Group stage,2022-11-28,2–3,Anthony Taylor,,Qatar,2022,Cho Guesung · 58|Cho Guesung · 61,Mohammed Salisu · 24|Kudus Mohammed · 34|Kudus Mohammed · 68,"['58&rsquor;|1:2|Cho Guesung|Assist:|Lee Kangin', '61&rsquor;|2:2|Cho Guesung|Assist:|Kim Jin-su']","['24&rsquor;|0:1|Mohammed Salisu', '34&rsquor;|0:2|Kudus Mohammed|Assist:|Jordan Ayew', '68&rsquor;|2:3|Kudus Mohammed|Assist:|Gideon Mensah']",,,,,,,,,,,Paulo Bento · 90+11,,,,"['27&rsquor;|0:1|Jung Woo-young', '77&rsquor;|2:3|Kim Young-gwon']","['21&rsquor;|0:0|Daniel Amartey', '73&rsquor;|2:3|Tariq Lamptey']","['46&rsquor;|0:2|Na Sang-ho|for Jeong Woo-yeong', '57&rsquor;|0:2|Lee Kangin|for Kwon Chang-hoon', '79&rsquor;|2:3|Hwang Ui-jo|for Jung Woo-young', '90+2&rsquor;|2:3|Kwon Kyung-won|for Kim Min-jae']","['78&rsquor;|2:3|Daniel Kyereh|for André Ayew', '78&rsquor;|2:3|Denis Odoi|for Tariq Lamptey', '78&rsquor;|2:3|Kamaldeen Sulemana|for Jordan Ayew', '83&rsquor;|2:3|Alexander Djiku|for Kudus Mohammed', '88&rsquor;|2:3|Baba Rahman|for Gideon Mensah']"
Portugal,Uruguay,2,1.3,,0,1.3,,Fernando Santos,Cristiano Ronaldo,Diego Alonso,Diego Godín,88668,"Lusail Iconic Stadium, Lusail",Alireza Faghani (Referee) · Mohammadreza Mansouri (AR1) · Mohammadreza Abolfazli (AR2) · Abdulrahman Ibrahim Al Jassim (4th) · Abdulla Ali Al Marri (VAR),Group stage,2022-11-28,2–0,Alireza Faghani,,Qatar,2022,Bruno Fernandes · 54,,['54&rsquor;|1:0|Bruno Fernandes|Assist:|Raphaël Guerreiro'],,,,Bruno Fernandes (P) · 90+3,,,,,,,,,,,,"['38&rsquor;|0:0|Rúben Neves', '77&rsquor;|1:0|João Félix', '89&rsquor;|1:0|Rúben Dias']","['6&rsquor;|0:0|Rodrigo Bentancur', '44&rsquor;|0:0|Mathías Olivera']","['42&rsquor;|0:0|Raphaël Guerreiro|for Nuno Mendes', '69&rsquor;|1:0|Rafael Leão|for Rúben Neves', '82&rsquor;|1:0|Matheus Nunes|for João Félix', '82&rsquor;|1:0|Gonçalo Ramos|for Cristiano Ronaldo', '82&rsquor;|1:0|João Palhinha|for William Carvalho']","['62&rsquor;|1:0|Giorgian De Arrascaeta|for Matías Vecino', '62&rsquor;|1:0|Facundo Pellistri|for Diego Godín', '72&rsquor;|1:0|Maxi Gómez|for Darwin Núñez', '73&rsquor;|1:0|Luis Suárez|for Edinson Cavani', '86&rsquor;|1:0|Matías Viña|for Mathías Olivera']"
Brazil,Switzerland,1,1.0,,0,0.3,,Tite,Thiago Silva,Murat Yakin,Granit Xhaka,43649,"Stadium 974, Doha",Iván Barton (Referee) · David Morán (AR1) · Zachari Zeegelaar (AR2) · Said Martínez (4th) · Drew Fischer (VAR),Group stage,2022-11-28,1–0,Iván Barton,,Qatar,2022,Casemiro · 83,,['83&rsquor;|1:0|Casemiro|Assist:|Rodrygo'],,,,,,,,,,,,,,,,['52&rsquor;|0:0|Fred'],['50&rsquor;|0:0|Fabian Rieder'],"['46&rsquor;|0:0|Rodrygo|for Lucas Paquetá', '58&rsquor;|0:0|Bruno Guimarães|for Fred', '73&rsquor;|0:0|Antony|for Raphinha', '73&rsquor;|0:0|Gabriel Jesus|for Richarlison', '86&rsquor;|1:0|Alex Telles|for Alex Sandro']","['59&rsquor;|0:0|Edimilson Fernandes|for Ruben Vargas', '59&rsquor;|0:0|Renato Steffen|for Fabian Rieder', '75&rsquor;|0:0|Michel Aebischer|for Djibril Sow', '76&rsquor;|0:0|Haris Seferović|for Breel Embolo', '86&rsquor;|1:0|Fabian Frei|for Silvan Widmer']"
Cameroon,Serbia,3,2.2,,3,1.9,,Rigobert Song,Eric Maxim Choupo-Moting,Dragan Stojković,Dušan Tadić,39789,"Al Janoub Stadium, Al Wakrah",Mohammed Abdulla Hassan (Referee) · Mohamed Ahmed Al Hammadi (AR1) · Hasan Mohamed Suqatari (AR2) · Ma Ning (4th) · Nicolás Gallo (VAR),Group stage,2022-11-28,3–3,Mohammed Abdulla Hassan,,Qatar,2022,Jean-Charles Castelletto · 29|Vincent Aboubakar · 64|Eric Maxim Choupo-Moting · 66,Strahinja Pavlović · 45+1|Sergej Milinković-Savić · 45+3|Aleksandar Mitrović · 53,"['29&rsquor;|1:0|Jean-Charles Castelletto|Assist:|Nicolas Nkoulou', '64&rsquor;|2:3|Vincent Aboubakar|Assist:|Jean-Charles Castelletto', '66&rsquor;|3:3|Eric Maxim Choupo-Moting|Assist:|Vincent Aboubakar']","['45+1&rsquor;|1:1|Strahinja Pavlović|Assist:|Dušan Tadić', '45+3&rsquor;|1:2|Sergej Milinković-Savić|Assist:|Andrija Živković', '53&rsquor;|1:3|Aleksandar Mitrović|Assist:|Andrija Živković']",,,,,,,,,,,,,,,"['24&rsquor;|0:0|Nicolas Nkoulou', '30&rsquor;|1:0|Christian Bassogog']","['45+4&rsquor;|1:2|Luka Jović', '90+3&rsquor;|3:3|Nikola Milenković']","['55&rsquor;|1:3|Vincent Aboubakar|for Martin Hongla', '67&rsquor;|3:3|Christian Bassogog|for Karl Toko Ekambi', '67&rsquor;|3:3|Gaël Ondoua|for Pierre Kunde', ""81&rsquor;|3:3|Georges-Kévin N'Koudou|for Bryan Mbeumo"", '81&rsquor;|3:3|Samuel Oum Gouet|for Andre-Frank Zambo Anguissa']","['56&rsquor;|1:3|Stefan Mitrović|for Strahinja Pavlović', '78&rsquor;|3:3|Marko Grujić|for Sergej Milinković-Savić', '78&rsquor;|3:3|Nemanja Radonjić|for Andrija Živković', '78&rsquor;|3:3|Srđan Babić|for Miloš Veljković', '90+2&rsquor;|3:3|Filip Đuričić|for Filip Kostić']"
Wales,England,0,0.3,,3,2.4,,Rob Page,Gareth Bale,Gareth Southgate,Harry Kane,44297,"Ahmed bin Ali Stadium, Umm al-Afā'ī",Slavko Vinčič (Referee) · Tomaž Klančnik (AR1) · Andraž Kovačič (AR2) · Yoshimi Yamashita (4th) · Marco Fritz (VAR),Group stage,2022-11-29,0–3,Slavko Vinčič,,Qatar,2022,,Marcus Rashford · 50|Phil Foden · 52|Marcus Rashford · 68,,"['50&rsquor;|0:1|Marcus Rashford', '52&rsquor;|0:2|Phil Foden|Assist:|Harry Kane', '68&rsquor;|0:3|Marcus Rashford|Assist:|Kalvin Phillips']",,,,,,,,,,,,,,,"['29&rsquor;|0:0|Daniel James', '61&rsquor;|0:2|Aaron Ramsey']",,"['37&rsquor;|0:0|Connor Roberts|for Neco Williams', '46&rsquor;|0:0|Brennan Johnson|for Gareth Bale', '59&rsquor;|0:2|Joe Morrell|for Ben Davies', '77&rsquor;|0:3|Harry Wilson|for Daniel James', '81&rsquor;|0:3|Rubin Colwill|for Joe Allen']","['57&rsquor;|0:2|Trent Alexander-Arnold|for Kyle Walker', '58&rsquor;|0:2|Kalvin Phillips|for Declan Rice', '58&rsquor;|0:2|Callum Wilson|for Harry Kane', '65&rsquor;|0:2|Kieran Trippier|for Luke Shaw', '75&rsquor;|0:3|Jack Grealish|for Marcus Rashford']"
Netherlands,Qatar,2,1.6,,0,0.1,,Louis van Gaal,Virgil van Dijk,Félix Sánchez,Hassan Al-Haydos,66784,"Al Bayt Stadium, Al Khor",Bakary Papa Gassama (Referee) · Elvis Noupue (AR1) · Mahmoud Abo El Regal (AR2) · Ma Ning (4th) · Redouane Jiyed (VAR),Group stage,2022-11-29,2–0,Bakary Papa Gassama,,Qatar,2022,Cody Gakpo · 26|Frenkie de Jong · 49,,"['26&rsquor;|1:0|Cody Gakpo|Assist:|Davy Klaassen', '49&rsquor;|2:0|Frenkie de Jong']",,,,,,,,,,,,,,,,['52&rsquor;|2:0|Nathan Aké'],,"['66&rsquor;|2:0|Vincent Janssen|for Memphis', '66&rsquor;|2:0|Steven Berghuis|for Davy Klaassen', '82&rsquor;|2:0|Wout Weghorst|for Cody Gakpo', '82&rsquor;|2:0|Teun Koopmeiners|for Marten de Roon', '86&rsquor;|2:0|Kenneth Taylor|for Frenkie de Jong']","['64&rsquor;|2:0|Karim Boudiaf|for Assim Madibo', '64&rsquor;|2:0|Mohammed Muntari|for Almoez Ali', '64&rsquor;|2:0|Ali Assadalla|for Hassan Al-Haydos', '85&rsquor;|2:0|Ahmed Alaaeldin|for Abdulaziz Hatem', '85&rsquor;|2:0|Musab Kheder|for Ismail Mohamad']"
Ecuador,Senegal,1,0.9,,2,2.1,,Gustavo Alfaro,Enner Valencia,Aliou Cissé,Kalidou Koulibaly,44569,"Khalifa International Stadium, Doha",Clément Turpin (Referee) · Nicolas Danos (AR1) · Cyril Gringore (AR2) · István Kovács (4th) · Jérôme Brisard (VAR),Group stage,2022-11-29,1–2,Clément Turpin,,Qatar,2022,Moisés Caicedo · 67,Kalidou Koulibaly · 70,['67&rsquor;|1:1|Moisés Caicedo|Assist:|Félix Torres Caicedo'],['70&rsquor;|1:2|Kalidou Koulibaly'],,,,Ismaila Sarr (P) · 44,,,,,,,,,,,,['66&rsquor;|0:1|Idrissa Gana Gueye'],"['46&rsquor;|0:1|Jeremy Sarmiento|for Alan Franco', '46&rsquor;|0:1|José Cifuentes|for Carlos Gruezo', '64&rsquor;|0:1|Djorkaeff Reasco|for Michael Estrada', '85&rsquor;|1:2|Jackson Porozo|for Ángelo Preciado']","['75&rsquor;|1:2|Nampalys Mendy|for Pathé Ciss', '75&rsquor;|1:2|Bamba Dieng|for Iliman Ndiaye', '90+5&rsquor;|1:2|Pape Abou Cissé|for Boulaye Dia']"
IR Iran,United States,0,0.4,,1,1.2,,Carlos Queiroz,Ehsan Hajsafi,Gregg Berhalter,Tyler Adams,42127,"Al Thumama Stadium, ath-Thumāma",Antonio Matéu (Referee) · Pau Cebrián (AR1) · Roberto Díaz (AR2) · Kevin Ortega (4th) · Juan Martínez (VAR),Group stage,2022-11-29,0–1,Antonio Matéu,,Qatar,2022,,Christian Pulisic · 38,,['38&rsquor;|0:1|Christian Pulisic|Assist:|Sergiño Dest'],,,,,,,,,,,,,,,"['77&rsquor;|0:1|Majid Hosseini', '83&rsquor;|0:1|Hossein Kanaanizadegan', '90+6&rsquor;|0:1|Abolfazl Jalali']",['43&rsquor;|0:1|Tyler Adams'],"['45+2&rsquor;|0:1|Ali Karimi|for Milad Mohammadi', '46&rsquor;|0:1|Saman Ghoddos|for Sardar Azmoun', '71&rsquor;|0:1|Mehdi Torabi|for Ahmad Nourollahi', '72&rsquor;|0:1|Abolfazl Jalali|for Ehsan Hajsafi', '79&rsquor;|0:1|Karim Ansarifard|for Ali Gholizadeh']","['46&rsquor;|0:1|Brenden Aaronson|for Christian Pulisic', '65&rsquor;|0:1|Kellyn Acosta|for Weston McKennie', '77&rsquor;|0:1|Haji Wright|for Josh Sargent', '82&rsquor;|0:1|Shaquell Moore|for Sergiño Dest', '82&rsquor;|0:1|Walker Zimmerman|for Timothy Weah']"
Poland,Argentina,0,0.3,,2,3.5,,Czesław Michniewicz,Robert Lewandowski,Lionel Scaloni,Lionel Messi,44089,"Stadium 974, Doha",Danny Makkelie (Referee) · Hessel Steegstra (AR1) · Jan de Vries (AR2) · Said Martínez (4th) · Pol van Boekel (VAR),Group stage,2022-11-30,0–2,Danny Makkelie,,Qatar,2022,,Alexis Mac Allister · 46|Julián Álvarez · 67,,"['46&rsquor;|0:1|Alexis Mac Allister|Assist:|Nahuel Molina', '67&rsquor;|0:2|Julián Álvarez|Assist:|Enzo Fernández']",,,,,,['39&rsquor;|0:0|Lionel Messi|Penalty saved by Wojciech Szczęsny|—'],,,,,,,,,['78&rsquor;|0:2|Grzegorz Krychowiak'],['49&rsquor;|0:1|Marcos Acuña'],"['46&rsquor;|0:0|Jakub Kamiński|for Przemysław Frankowski', '46&rsquor;|0:0|Michał Skóraś|for Karol Świderski', '62&rsquor;|0:1|Damian Szymański|for Krystian Bielik', '72&rsquor;|0:2|Artur Jędrzejczyk|for Bartosz Bereszyński', '83&rsquor;|0:2|Krzysztof Piątek|for Grzegorz Krychowiak']","['59&rsquor;|0:1|Leandro Paredes|for Ángel Di María', '59&rsquor;|0:1|Nicolás Tagliafico|for Marcos Acuña', '79&rsquor;|0:2|Germán Pezzella|for Enzo Fernández', '79&rsquor;|0:2|Lautaro Martínez|for Julián Álvarez', '84&rsquor;|0:2|Thiago Almada|for Alexis Mac Allister']"
Saudi Arabia,Mexico,1,1.1,,2,2.3,,Hervé Renard,Salem Al-Dawsari,Tata Martino,Guillermo Ochoa,84985,"Lusail Iconic Stadium, Lusail",Michael Oliver (Referee) · Stuart Burt (AR1) · Simon Bennett (AR2) · István Kovács (4th) · Massimiliano Irrati (VAR),Group stage,2022-11-30,1–2,Michael Oliver,,Qatar,2022,Salem Al-Dawsari · 90+5,Henry Martín · 47|Luis Chávez · 52,['90+5&rsquor;|1:2|Salem Al-Dawsari|Assist:|Hattan Bahebri'],"['47&rsquor;|0:1|Henry Martín|Assist:|César Montes', '52&rsquor;|0:2|Luis Chávez']",,,,,,,,,,,,,,,"['28&rsquor;|0:0|Saleh Al-Shehri', '34&rsquor;|0:0|Ali Al Hassan', '52&rsquor;|0:1|Hassan Al Tambakti', '81&rsquor;|0:2|Abdullah Madu', '90+1&rsquor;|0:2|Abdulelah Al-Amri', '90+7&rsquor;|1:2|Hattan Bahebri']",['16&rsquor;|0:0|Edson Álvarez'],"['37&rsquor;|0:0|Riyadh Sharahili|for Ali Al-Bulaihi', '46&rsquor;|0:0|Abdullah Madu|for Ali Al Hassan', '62&rsquor;|0:2|Abdulrahman Al-Aboud|for Saleh Al-Shehri', '88&rsquor;|0:2|Hattan Bahebri|for Sultan Al-Ghanam']","['46&rsquor;|0:0|Uriel Antuna|for Alexis Vega', '77&rsquor;|0:2|Raúl Jiménez|for Henry Martín', '77&rsquor;|0:2|Charly Rodríguez|for Orbelín Pineda', '86&rsquor;|0:2|Kevin Álvarez|for Jorge Eduardo Sánchez', '86&rsquor;|0:2|Rogelio Funes Mori|for Edson Álvarez']"
Tunisia,France,1,0.5,,0,0.8,,Jalel Kadri,Wahbi Khazri,Didier Deschamps,Raphaël Varane,43627,"Education City Stadium, Doha",Matt Conger (Referee) · Mark Rule (AR1) · Tevita Makasini (AR2) · Salima Mukansanga (4th) · Abdulla Ali Al Marri (VAR),Group stage,2022-11-30,1–0,Matt Conger,,Qatar,2022,Wahbi Khazri · 58,,['58&rsquor;|1:0|Wahbi Khazri|Assist:|Aïssa Laïdouni'],,,,,,,,,,,,,,,,['28&rsquor;|0:0|Wajdi Kechrida'],,"['60&rsquor;|1:0|Issam Jebali|for Wahbi Khazri', '74&rsquor;|1:0|Ghaylène Chaalali|for Mohamed Ali Ben Romdhane', '83&rsquor;|1:0|Ali Abdi|for Anis Ben Slimane']","['63&rsquor;|1:0|William Saliba|for Raphaël Varane', '63&rsquor;|1:0|Kylian Mbappé|for Kingsley Coman', '63&rsquor;|1:0|Adrien Rabiot|for Jordan Veretout', '73&rsquor;|1:0|Antoine Griezmann|for Youssouf Fofana', '79&rsquor;|1:0|Ousmane Dembélé|for Mattéo Guendouzi']"
Australia,Denmark,1,0.6,,0,0.6,,Graham Arnold,Mathew Ryan,Kasper Hjulmand,Christian Eriksen,41232,"Al Janoub Stadium, Al Wakrah",Mustapha Ghorbal (Referee) · Mokrane Gourari (AR1) · Abdelhak Etchiali (AR2) · Maguette Ndiaye (4th) · Mauro Vigliano (VAR),Group stage,2022-11-30,1–0,Mustapha Ghorbal,,Qatar,2022,Mathew Leckie · 60,,['60&rsquor;|1:0|Mathew Leckie|Assist:|Riley McGree'],,,,,,,,,,,,,,,,"['4&rsquor;|0:0|Aziz Behich', '57&rsquor;|0:0|Miloš Degenek']",['75&rsquor;|1:0|Robert Skov'],"['46&rsquor;|0:0|Keanu Baccus|for Craig Goodwin', '74&rsquor;|1:0|Bailey Wright|for Riley McGree', '82&rsquor;|1:0|Jamie Maclaren|for Mitchell Duke', '89&rsquor;|1:0|Ajdin Hrustic|for Mathew Leckie']","['46&rsquor;|0:0|Alexander Bah|for Rasmus Nissen', '59&rsquor;|0:0|Kasper Dolberg|for Martin Braithwaite', '59&rsquor;|0:0|Mikkel Damsgaard|for Mathias Jensen', '69&rsquor;|1:0|Robert Skov|for Andreas Skov Olsen', '70&rsquor;|1:0|Andreas Cornelius|for Joakim Mæhle']"
Costa Rica,Germany,2,1.3,,4,5.7,,Luis Fernando Suárez,Keylor Navas,Hansi Flick,Manuel Neuer,67054,"Al Bayt Stadium, Al Khor",Stéphanie Frappart (Referee) · Neuza Back (AR1) · Karen Díaz (AR2) · Said Martínez (4th) · Drew Fischer (VAR),Group stage,2022-12-01,2–4,Stéphanie Frappart,,Qatar,2022,Yeltsin Tejeda · 58,Serge Gnabry · 10|Kai Havertz · 73|Kai Havertz · 85|Niclas Füllkrug · 90,['58&rsquor;|1:1|Yeltsin Tejeda'],"['10&rsquor;|0:1|Serge Gnabry|Assist:|David Raum', '73&rsquor;|2:2|Kai Havertz|Assist:|Niclas Füllkrug', '85&rsquor;|2:3|Kai Havertz|Assist:|Serge Gnabry', '90&rsquor;|2:4|Niclas Füllkrug|Assist:|Leroy Sané']",Manuel Neuer (OG) · 70,,,,,,,,,,,,,,['77&rsquor;|2:2|Óscar Duarte'],,"['46&rsquor;|0:1|Youstin Salas|for Brandon Aguilera', '74&rsquor;|2:2|Rónald Matarrita|for Johan Venegas', '74&rsquor;|2:2|Jewison Bennette|for Keysher Fuller', '90+3&rsquor;|2:4|Roan Wilson|for Yeltsin Tejeda', '90+3&rsquor;|2:4|Anthony Contreras|for Bryan Oviedo']","['46&rsquor;|0:1|Lukas Klostermann|for Leon Goretzka', '55&rsquor;|0:1|Niclas Füllkrug|for İlkay Gündoğan', '67&rsquor;|1:1|Mario Götze|for David Raum', '67&rsquor;|1:1|Kai Havertz|for Thomas Müller', '90+3&rsquor;|2:4|Matthias Ginter|for Niklas Süle']"
Japan,Spain,2,1.4,,1,1.0,,Hajime Moriyasu,Maya Yoshida,Luis Enrique,Sergio Busquets,44851,"Khalifa International Stadium, Doha",Victor Gomes (Referee) · Zakhele Siwela (AR1) · Souru Phatsoane (AR2) · Salima Mukansanga (4th) · Fernando Guerrero (VAR),Group stage,2022-12-01,2–1,Victor Gomes,,Qatar,2022,Ritsu Doan · 48|Ao Tanaka · 51,Álvaro Morata · 12,"['48&rsquor;|1:1|Ritsu Doan|Assist:|Junya Ito', '51&rsquor;|2:1|Ao Tanaka|Assist:|Kaoru Mitoma']",['12&rsquor;|0:1|Álvaro Morata|Assist:|César Azpilicueta'],,,,,,,,,,,,,,,"['39&rsquor;|0:1|Ko Itakura', '44&rsquor;|0:1|Shogo Taniguchi', '45&rsquor;|0:1|Maya Yoshida']",,"['46&rsquor;|0:1|Ritsu Doan|for Takefusa Kubo', '46&rsquor;|0:1|Kaoru Mitoma|for Yuto Nagatomo', '62&rsquor;|2:1|Takuma Asano|for Daizen Maeda', '69&rsquor;|2:1|Takehiro Tomiyasu|for Daichi Kamada', '87&rsquor;|2:1|Wataru Endo|for Ao Tanaka']","['46&rsquor;|0:1|Dani Carvajal|for César Azpilicueta', '57&rsquor;|2:1|Ferrán Torres|for Nico Williams', '57&rsquor;|2:1|Marco Asensio|for Álvaro Morata', '68&rsquor;|2:1|Ansu Fati|for Gavi', '68&rsquor;|2:1|Jordi Alba|for Alejandro Balde']"
Croatia,Belgium,0,0.7,,0,3.0,,Zlatko Dalić,Luka Modrić,Roberto Martínez,Kevin De Bruyne,43984,"Ahmed bin Ali Stadium, Umm al-Afā'ī",Anthony Taylor (Referee) · Gary Beswick (AR1) · Adam Nunn (AR2) · István Kovács (4th) · Marco Fritz (VAR),Group stage,2022-12-01,0–0,Anthony Taylor,,Qatar,2022,,,,,,,,,,,,,,,,,,,,['67&rsquor;|0:0|Leander Dendoncker'],"['64&rsquor;|0:0|Bruno Petković|for Marko Livaja', '64&rsquor;|0:0|Mario Pašalić|for Andrej Kramarić', '90+2&rsquor;|0:0|Lovro Majer|for Mateo Kovačić']","['46&rsquor;|0:0|Romelu Lukaku|for Dries Mertens', '59&rsquor;|0:0|Thorgan Hazard|for Leandro Trossard', '72&rsquor;|0:0|Youri Tielemans|for Leander Dendoncker', '72&rsquor;|0:0|Jeremy Doku|for Yannick Carrasco', '87&rsquor;|0:0|Eden Hazard|for Thomas Meunier']"
Canada,Morocco,1,1.4,,2,0.5,,John Herdman,Milan Borjan,Hoalid Regragui,Romain Saïss,43102,"Al Thumama Stadium, ath-Thumāma",Raphael Claus (Referee) · Rodrigo Correa (AR1) · Danilo Manis (AR2) · Yoshimi Yamashita (4th) · Julio Bascuñán (VAR),Group stage,2022-12-01,1–2,Raphael Claus,,Qatar,2022,,Hakim Ziyech · 4|Youssef En-Nesyri · 23,,"['4&rsquor;|0:1|Hakim Ziyech', '23&rsquor;|0:2|Youssef En-Nesyri|Assist:|Achraf Hakimi']",Nayef Aguerd (OG) · 40,,,,,,,,,,,,,,"['7&rsquor;|0:1|Junior Hoilett', '26&rsquor;|0:2|Jonathan Osorio', '45+2&rsquor;|1:2|Sam Adekugbe', '84&rsquor;|1:2|Steven Vitória']",,"['60&rsquor;|1:2|Atiba Hutchinson|for Mark-Anthony Kaye', '60&rsquor;|1:2|Ismaël Koné|for Sam Adekugbe', '60&rsquor;|1:2|Jonathan David|for Cyle Larin', '65&rsquor;|1:2|Richie Laryea|for Jonathan Osorio', '76&rsquor;|1:2|David Wotherspoon|for Junior Hoilett']","['65&rsquor;|1:2|Selim Amallah|for Abdelhamid Sabiri', '65&rsquor;|1:2|Zakaria Aboukhlal|for Sofiane Boufal', '76&rsquor;|1:2|Abderrazak Hamdallah|for Hakim Ziyech', '77&rsquor;|1:2|Jawad El Yamiq|for Azzedine Ounahi', '85&rsquor;|1:2|Yahya Jabrane|for Achraf Hakimi']"
Korea Republic,Portugal,2,1.7,,1,1.3,,Sérgio Costa,Son Heung-min,Fernando Santos,Cristiano Ronaldo,44097,"Education City Stadium, Doha",Facundo Tello (Referee) · Ezequiel Brailovsky (AR1) · Gabriel Chade (AR2) · Maguette Ndiaye (4th) · Nicolás Gallo (VAR),Group stage,2022-12-02,2–1,Facundo Tello,,Qatar,2022,Kim Young-gwon · 27|Hwang Hee-chan · 90+1,Ricardo Horta · 5,"['27&rsquor;|1:1|Kim Young-gwon', '90+1&rsquor;|2:1|Hwang Hee-chan|Assist:|Son Heung-min']",['5&rsquor;|0:1|Ricardo Horta|Assist:|Diogo Dalot'],,,,,,,,,,,,,,,"['36&rsquor;|1:1|Lee Kangin', '90+2&rsquor;|2:1|Hwang Hee-chan']",,"['66&rsquor;|1:1|Hwang Hee-chan|for Lee Jae-sung', '81&rsquor;|1:1|Son Jun-ho|for Kim Young-gwon', '81&rsquor;|1:1|Hwang Ui-jo|for Lee Kangin', '90+3&rsquor;|2:1|Cho Yumin|for Cho Guesung']","['65&rsquor;|1:1|João Palhinha|for Matheus Nunes', '65&rsquor;|1:1|Rafael Leão|for Rúben Neves', '65&rsquor;|1:1|André Silva|for Cristiano Ronaldo', '82&rsquor;|1:1|Bernardo Silva|for João Mário', '82&rsquor;|1:1|William Carvalho|for Vitinha']"
Ghana,Uruguay,0,1.6,,2,1.8,,Otto Addo,André Ayew,Diego Alonso,Luis Suárez,43443,"Al Janoub Stadium, Al Wakrah",Daniel Siebert (Referee) · Jan Seidel (AR1) · Rafael Foltyn (AR2) · Yoshimi Yamashita (4th) · Bastian Dankert (VAR),Group stage,2022-12-02,0–2,Daniel Siebert,,Qatar,2022,,Giorgian De Arrascaeta · 26|Giorgian De Arrascaeta · 32,,"['26&rsquor;|0:1|Giorgian De Arrascaeta', '32&rsquor;|0:2|Giorgian De Arrascaeta|Assist:|Luis Suárez']",,,,,['21&rsquor;|0:0|André Ayew|Penalty saved by Sergio Rochet'],,,,,,,,,,"['86&rsquor;|0:2|Kamaldeen Sulemana', '90+9&rsquor;|0:2|Alidu Seidu']","['19&rsquor;|0:0|Darwin Núñez', '60&rsquor;|0:2|Luis Suárez', '87&rsquor;|0:2|Sebastián Coates', '90+10&rsquor;|0:2|Edinson Cavani', '90+10&rsquor;|0:2|José María Giménez']","['46&rsquor;|0:2|Kamaldeen Sulemana|for Jordan Ayew', '46&rsquor;|0:2|Osman Bukari|for André Ayew', '72&rsquor;|0:2|Antoine Semenyo|for Daniel Amartey', '72&rsquor;|0:2|Daniel Kyereh|for Salis Abdul Samed', '90+8&rsquor;|0:2|Abdul Fatawu Issahaku|for Kudus Mohammed']","['34&rsquor;|0:2|Matías Vecino|for Rodrigo Bentancur', '66&rsquor;|0:2|Edinson Cavani|for Luis Suárez', '66&rsquor;|0:2|Nicolás De La Cruz|for Facundo Pellistri', '80&rsquor;|0:2|Maxi Gómez|for Darwin Núñez', '80&rsquor;|0:2|Agustín Canobbio|for Giorgian De Arrascaeta']"
Cameroon,Brazil,1,0.5,,0,2.5,,Rigobert Song,Vincent Aboubakar,Tite,Dani Alves,85986,"Lusail Iconic Stadium, Lusail",Ismail Elfath (Referee) · Kyle Atkins (AR1) · Corey Parker (AR2) · Ma Ning (4th) · Alejandro Hernández (VAR),Group stage,2022-12-02,1–0,Ismail Elfath,,Qatar,2022,Vincent Aboubakar · 90+2,,['90+2&rsquor;|1:0|Vincent Aboubakar|Assist:|Andre-Frank Zambo Anguissa'],,,,,,,,,,,,,,Vincent Aboubakar · 90+3,,"['6&rsquor;|0:0|Nouhou Tolo', '28&rsquor;|0:0|Pierre Kunde', '33&rsquor;|0:0|Collins Fai', '81&rsquor;|0:0|Vincent Aboubakar']","['7&rsquor;|0:0|Éder Militão', '85&rsquor;|0:0|Bruno Guimarães']","['64&rsquor;|0:0|Karl Toko Ekambi|for Bryan Mbeumo', '66&rsquor;|0:0|Olivier Ntcham|for Pierre Kunde', '86&rsquor;|0:0|Jerome Ngom Mbekeli|for Moumi Ngamaleu']","['55&rsquor;|0:0|Everton Ribeiro|for Rodrygo', '55&rsquor;|0:0|Marquinhos|for Alex Telles', '55&rsquor;|0:0|Bruno Guimarães|for Fred', '64&rsquor;|0:0|Pedro|for Gabriel Jesus', '79&rsquor;|0:0|Raphinha|for Antony']"
Serbia,Switzerland,2,1.3,,3,2.7,,Dragan Stojković,Dušan Tadić,Murat Yakin,Granit Xhaka,41378,"Stadium 974, Doha",Fernando Rapallini (Referee) · Juan Pablo Belatti (AR1) · Diego Bonfá (AR2) · Kevin Ortega (4th) · Mauro Vigliano (VAR),Group stage,2022-12-02,2–3,Fernando Rapallini,,Qatar,2022,Aleksandar Mitrović · 26|Dušan Vlahović · 35,Xherdan Shaqiri · 20|Breel Embolo · 44|Remo Freuler · 48,"['26&rsquor;|1:1|Aleksandar Mitrović|Assist:|Dušan Tadić', '35&rsquor;|2:1|Dušan Vlahović']","['20&rsquor;|0:1|Xherdan Shaqiri|Assist:|Djibril Sow', '44&rsquor;|2:2|Breel Embolo|Assist:|Silvan Widmer', '48&rsquor;|2:3|Remo Freuler|Assist:|Ruben Vargas']",,,,,,,,,,,,,,,"['47&rsquor;|2:2|Sergej Milinković-Savić', '56&rsquor;|2:3|Strahinja Pavlović', '66&rsquor;|2:3|Predrag Rajković', '81&rsquor;|2:3|Nemanja Gudelj', '82&rsquor;|2:3|Aleksandar Mitrović', '90+5&rsquor;|2:3|Nikola Milenković']","['15&rsquor;|0:0|Silvan Widmer', '34&rsquor;|1:1|Ruben Vargas', '90+5&rsquor;|2:3|Granit Xhaka', '90+9&rsquor;|2:3|Fabian Schär']","['55&rsquor;|2:3|Nemanja Gudelj|for Miloš Veljković', '55&rsquor;|2:3|Luka Jović|for Dušan Vlahović', '67&rsquor;|2:3|Nemanja Maksimović|for Sergej Milinković-Savić', '78&rsquor;|2:3|Filip Đuričić|for Dušan Tadić', '78&rsquor;|2:3|Nemanja Radonjić|for Andrija Živković']","['68&rsquor;|2:3|Edimilson Fernandes|for Djibril Sow', '69&rsquor;|2:3|Denis Zakaria|for Xherdan Shaqiri', '83&rsquor;|2:3|Christian Fassnacht|for Ruben Vargas', '90+6&rsquor;|2:3|Noah Okafor|for Breel Embolo']"
Argentina,Australia,2,1.6,,1,0.6,,Lionel Scaloni,Lionel Messi,Graham Arnold,Mathew Ryan,45032,"Ahmed bin Ali Stadium, Umm al-Afā'ī",Szymon Marciniak (Referee) · Paweł Sokolnicki (AR1) · Tomasz Listkiewicz (AR2) · Mario Escobar (4th) · Tomasz Kwiatkowski (VAR),Round of 16,2022-12-03,2–1,Szymon Marciniak,,Qatar,2022,Lionel Messi · 35|Julián Álvarez · 57,,"['35&rsquor;|1:0|Lionel Messi|Assist:|Nicolás Otamendi', '57&rsquor;|2:0|Julián Álvarez']",,,Enzo Fernández (OG) · 77,,,,,,,,,,,,,,"['15&rsquor;|0:0|Jackson Irvine', '38&rsquor;|1:0|Miloš Degenek']","['50&rsquor;|1:0|Lisandro Martínez|for Papu Gómez', '71&rsquor;|2:0|Lautaro Martínez|for Julián Álvarez', '72&rsquor;|2:0|Nicolás Tagliafico|for Marcos Acuña', '80&rsquor;|2:1|Exequiel Palacios|for Nahuel Molina', '80&rsquor;|2:1|Gonzalo Montiel|for Alexis Mac Allister']","['58&rsquor;|2:0|Craig Goodwin|for Riley McGree', '58&rsquor;|2:0|Ajdin Hrustic|for Keanu Baccus', '72&rsquor;|2:0|Jamie Maclaren|for Mitchell Duke', '72&rsquor;|2:0|Fran Karačić|for Miloš Degenek', '72&rsquor;|2:0|Garang Kuol|for Mathew Leckie']"
Netherlands,United States,3,1.7,,1,1.5,,Louis van Gaal,Virgil van Dijk,Gregg Berhalter,Tyler Adams,44846,"Khalifa International Stadium, Doha",Wilton Sampaio (Referee) · Bruno Boschilia (AR1) · Bruno Pires (AR2) · Andrés Matonte (4th) · Nicolás Gallo (VAR),Round of 16,2022-12-03,3–1,Wilton Sampaio,,Qatar,2022,Memphis · 10|Daley Blind · 45+1|Denzel Dumfries · 81,Haji Wright · 76,"['10&rsquor;|1:0|Memphis|Assist:|Denzel Dumfries', '45+1&rsquor;|2:0|Daley Blind|Assist:|Denzel Dumfries', '81&rsquor;|3:1|Denzel Dumfries|Assist:|Daley Blind']",['76&rsquor;|2:1|Haji Wright|Assist:|Christian Pulisic'],,,,,,,,,,,,,,,"['60&rsquor;|2:0|Teun Koopmeiners', '87&rsquor;|3:1|Frenkie de Jong']",,"['46&rsquor;|2:0|Teun Koopmeiners|for Davy Klaassen', '46&rsquor;|2:0|Steven Bergwijn|for Marten de Roon', '82&rsquor;|3:1|Xavi Simons|for Memphis', '90+3&rsquor;|3:1|Matthijs de Ligt|for Nathan Aké', '90+4&rsquor;|3:1|Wout Weghorst|for Cody Gakpo']","['46&rsquor;|2:0|Gio Reyna|for Jesús Ferreira', '67&rsquor;|2:0|Brenden Aaronson|for Timothy Weah', '67&rsquor;|2:0|Haji Wright|for Weston McKennie', '75&rsquor;|2:0|DeAndre Yedlin|for Sergiño Dest', '90+2&rsquor;|3:1|Jordan Morris|for Antonee Robinson']"
England,Senegal,3,1.0,,0,0.8,,Gareth Southgate,Harry Kane,Aliou Cissé,Kalidou Koulibaly,65985,"Al Bayt Stadium, Al Khor",Iván Barton (Referee) · David Morán (AR1) · Kathryn Nesbitt (AR2) · Said Martínez (4th) · Drew Fischer (VAR),Round of 16,2022-12-04,3–0,Iván Barton,,Qatar,2022,Jordan Henderson · 39|Harry Kane · 45+3|Bukayo Saka · 57,,"['39&rsquor;|1:0|Jordan Henderson|Assist:|Jude Bellingham', '45+3&rsquor;|2:0|Harry Kane|Assist:|Phil Foden', '57&rsquor;|3:0|Bukayo Saka|Assist:|Phil Foden']",,,,,,,,,,,,,,,,,['76&rsquor;|3:0|Kalidou Koulibaly'],"['65&rsquor;|3:0|Jack Grealish|for Phil Foden', '65&rsquor;|3:0|Marcus Rashford|for Bukayo Saka', '76&rsquor;|3:0|Eric Dier|for John Stones', '77&rsquor;|3:0|Mason Mount|for Jude Bellingham', '82&rsquor;|3:0|Kalvin Phillips|for Jordan Henderson']","['46&rsquor;|2:0|Pape Matar Sarr|for Krépin Diatta', '46&rsquor;|2:0|Pape Gueye|for Pathé Ciss', '46&rsquor;|2:0|Bamba Dieng|for Iliman Ndiaye', '72&rsquor;|3:0|Famara Diedhiou|for Boulaye Dia', '84&rsquor;|3:0|Fodé Ballo-Touré|for Ismail Jakobs']"
France,Poland,3,1.4,,1,1.7,,Didier Deschamps,Hugo Lloris,Czesław Michniewicz,Robert Lewandowski,40989,"Al Thumama Stadium, ath-Thumāma",Jesús Valenzuela (Referee) · Jorge Urrego (AR1) · Tulio Moreno (AR2) · Kevin Ortega (4th) · Juan Soto (VAR),Round of 16,2022-12-04,3–1,Jesús Valenzuela,,Qatar,2022,Olivier Giroud · 44|Kylian Mbappé · 74|Kylian Mbappé · 90+1,,"['44&rsquor;|1:0|Olivier Giroud|Assist:|Kylian Mbappé', '74&rsquor;|2:0|Kylian Mbappé|Assist:|Ousmane Dembélé', '90+1&rsquor;|3:0|Kylian Mbappé|Assist:|Marcus Thuram']",,,,,Robert Lewandowski (P) · 90+9,,,,,,,,,,,['32&rsquor;|0:0|Aurélien Tchouaméni'],"['47&rsquor;|1:0|Bartosz Bereszyński', '88&rsquor;|2:0|Matty Cash']","['66&rsquor;|1:0|Youssouf Fofana|for Aurélien Tchouaméni', '76&rsquor;|2:0|Kingsley Coman|for Ousmane Dembélé', '76&rsquor;|2:0|Marcus Thuram|for Olivier Giroud', '90+2&rsquor;|3:0|Axel Disasi|for Jules Koundé']","['64&rsquor;|1:0|Arkadiusz Milik|for Sebastian Szymański', '71&rsquor;|1:0|Nicola Zalewski|for Jakub Kamiński', '71&rsquor;|1:0|Krystian Bielik|for Grzegorz Krychowiak', '86&rsquor;|2:0|Jan Bednarek|for Jakub Kiwior', '87&rsquor;|2:0|Kamil Grosicki|for Przemysław Frankowski']"
Brazil,Korea Republic,4,3.6,,1,0.5,,Tite,Thiago Silva,Paulo Bento,Son Heung-min,43847,"Stadium 974, Doha",Clément Turpin (Referee) · Nicolas Danos (AR1) · Cyril Gringore (AR2) · Slavko Vinčič (4th) · Jérôme Brisard (VAR),Round of 16,2022-12-05,4–1,Clément Turpin,,Qatar,2022,Vinicius Júnior · 7|Richarlison · 29|Lucas Paquetá · 36,Paik Seung-ho · 76,"['7&rsquor;|1:0|Vinicius Júnior|Assist:|Raphinha', '29&rsquor;|3:0|Richarlison|Assist:|Thiago Silva', '36&rsquor;|4:0|Lucas Paquetá|Assist:|Vinicius Júnior']",['76&rsquor;|4:1|Paik Seung-ho'],,,Neymar (P) · 11,,,,,,,,,,,,,['44&rsquor;|4:0|Jung Woo-young'],"['63&rsquor;|4:0|Dani Alves|for Éder Militão', '72&rsquor;|4:0|Gleison Bremer|for Danilo', '72&rsquor;|4:0|Martinelli|for Vinicius Júnior', '80&rsquor;|4:1|Wéverton|for Alisson', '81&rsquor;|4:1|Rodrygo|for Neymar']","['46&rsquor;|4:0|Hong Chul|for Kim Jin-su', '46&rsquor;|4:0|Son Jun-ho|for Jung Woo-young', '65&rsquor;|4:0|Paik Seung-ho|for Hwang In-beom', '74&rsquor;|4:0|Lee Kangin|for Lee Jae-sung', '80&rsquor;|4:1|Hwang Ui-jo|for Cho Guesung']"
Japan,Croatia,1,1.2,1,1,1.4,3,Hajime Moriyasu,Maya Yoshida,Zlatko Dalić,Luka Modrić,42523,"Al Janoub Stadium, Al Wakrah",Ismail Elfath (Referee) · Corey Parker (AR1) · Kyle Atkins (AR2) · Mustapha Ghorbal (4th) · Nicolás Gallo (VAR),Round of 16,2022-12-05,(1) 1–1 (3),Ismail Elfath,Croatia won on penalty kicks following extra time,Qatar,2022,Daizen Maeda · 43,Ivan Perišić · 55,['43&rsquor;|1:0|Daizen Maeda|Assist:|Maya Yoshida'],['55&rsquor;|1:1|Ivan Perišić|Assist:|Dejan Lovren'],,,,,,,['5|1:2|Takuma Asano'],"['2|0:1|Nikola Vlašić', '4|0:2|Marcelo Brozović', '8|1:3|Mario Pašalić']","['1|0:0|Takumi Minamino', '3|0:1|Kaoru Mitoma', '7|1:2|Maya Yoshida']",['6|1:2|Marko Livaja'],,,,,,"['90&rsquor;|1:1|Mateo Kovačić', '116&rsquor;|1:1|Borna Barišić']","['64&rsquor;|1:1|Takuma Asano|for Daizen Maeda', '64&rsquor;|1:1|Kaoru Mitoma|for Yuto Nagatomo', '75&rsquor;|1:1|Hiroki Sakai|for Daichi Kamada', '87&rsquor;|1:1|Takumi Minamino|for Ritsu Doan', '106&rsquor;|1:1|Ao Tanaka|for Hidemasa Morita']","['62&rsquor;|1:1|Ante Budimir|for Bruno Petković', '68&rsquor;|1:1|Mario Pašalić|for Andrej Kramarić', '99&rsquor;|1:1|Nikola Vlašić|for Mateo Kovačić', '99&rsquor;|1:1|Lovro Majer|for Luka Modrić', '106&rsquor;|1:1|Marko Livaja|for Ante Budimir', '106&rsquor;|1:1|Mislav Oršić|for Ivan Perišić']"
Portugal,Switzerland,6,2.3,,1,1.2,,Fernando Santos,Pepe,Murat Yakin,Granit Xhaka,83720,"Lusail Iconic Stadium, Lusail",César Arturo Ramos (Referee) · Alberto Morín (AR1) · Miguel Ángel Hernández (AR2) · István Kovács (4th) · Drew Fischer (VAR),Round of 16,2022-12-06,6–1,César Arturo Ramos,,Qatar,2022,Gonçalo Ramos · 17|Pepe · 33|Gonçalo Ramos · 51|Raphaël Guerreiro · 55|Gonçalo Ramos · 67|Rafael Leão · 90+2,Manuel Akanji · 58,"['17&rsquor;|1:0|Gonçalo Ramos|Assist:|João Félix', '33&rsquor;|2:0|Pepe|Assist:|Bruno Fernandes', '51&rsquor;|3:0|Gonçalo Ramos|Assist:|Diogo Dalot', '55&rsquor;|4:0|Raphaël Guerreiro|Assist:|Gonçalo Ramos', '67&rsquor;|5:1|Gonçalo Ramos|Assist:|João Félix', '90+2&rsquor;|6:1|Rafael Leão|Assist:|Raphaël Guerreiro']",['58&rsquor;|4:1|Manuel Akanji'],,,,,,,,,,,,,,,,"['43&rsquor;|2:0|Fabian Schär', '59&rsquor;|4:1|Eray Cömert']","['73&rsquor;|5:1|Cristiano Ronaldo|for Gonçalo Ramos', '74&rsquor;|5:1|Ricardo Horta|for João Félix', '74&rsquor;|5:1|Vitinha|for Otávio', '81&rsquor;|5:1|Rúben Neves|for Bernardo Silva', '87&rsquor;|5:1|Rafael Leão|for Bruno Fernandes']","['46&rsquor;|2:0|Eray Cömert|for Fabian Schär', '54&rsquor;|3:0|Denis Zakaria|for Remo Freuler', '54&rsquor;|3:0|Haris Seferović|for Djibril Sow', '66&rsquor;|4:1|Noah Okafor|for Ruben Vargas', '89&rsquor;|5:1|Ardon Jasari|for Breel Embolo']"
Morocco,Spain,0,0.7,3,0,1.0,0,Hoalid Regragui,Romain Saïss,Luis Enrique,Sergio Busquets,44667,"Education City Stadium, Doha",Fernando Rapallini (Referee) · Juan Pablo Belatti (AR1) · Diego Bonfá (AR2) · Raphael Claus (4th) · Mauro Vigliano (VAR),Round of 16,2022-12-06,(3) 0–0 (0),Fernando Rapallini,Morocco won on penalty kicks following extra time,Qatar,2022,,,,,,,,,,,"['1|1:0|Abdelhamid Sabiri', '3|2:0|Hakim Ziyech', '7|3:0|Achraf Hakimi']",,['5|2:0|Badr Banoun'],"['2|1:0|Pablo Sarabia', '4|2:0|Carlos Soler', '6|2:0|Sergio Busquets']",,,,,['90&rsquor;|0:0|Romain Saïss'],['77&rsquor;|0:0|Aymeric Laporte'],"['66&rsquor;|0:0|Abdessamad Ezzalzouli|for Sofiane Boufal', '82&rsquor;|0:0|Walid Cheddira|for Selim Amallah', '82&rsquor;|0:0|Abdelhamid Sabiri|for Youssef En-Nesyri', '82&rsquor;|0:0|Yahya Attiat Allah|for Noussair Mazraoui', '84&rsquor;|0:0|Jawad El Yamiq|for Nayef Aguerd', '120&rsquor;|0:0|Badr Banoun|for Azzedine Ounahi']","['63&rsquor;|0:0|Álvaro Morata|for Marco Asensio', '63&rsquor;|0:0|Carlos Soler|for Gavi', '75&rsquor;|0:0|Nico Williams|for Ferrán Torres', '98&rsquor;|0:0|Ansu Fati|for Dani Olmo', '98&rsquor;|0:0|Alejandro Balde|for Jordi Alba', '118&rsquor;|0:0|Pablo Sarabia|for Nico Williams']"
Netherlands,Argentina,2,0.6,3,2,1.9,4,Louis van Gaal,Virgil van Dijk,Lionel Scaloni,Lionel Messi,88235,"Lusail Iconic Stadium, Lusail",Antonio Matéu (Referee) · Pau Cebrián (AR1) · Roberto Díaz (AR2) · Victor Gomes (4th) · Alejandro Hernández (VAR),Quarter-finals,2022-12-09,(3) 2–2 (4),Antonio Matéu,Argentina won on penalty kicks following extra time,Qatar,2022,Wout Weghorst · 83|Wout Weghorst · 90+11,Nahuel Molina · 35,"['83&rsquor;|1:2|Wout Weghorst|Assist:|Steven Berghuis', '90+11&rsquor;|2:2|Wout Weghorst|Assist:|Teun Koopmeiners']",['35&rsquor;|0:1|Nahuel Molina|Assist:|Lionel Messi'],,,,Lionel Messi (P) · 73,,,"['5|1:2|Teun Koopmeiners', '7|2:3|Wout Weghorst', '9|3:3|Luuk de Jong']","['2|0:1|Lionel Messi', '4|0:2|Leandro Paredes', '6|1:3|Gonzalo Montiel', '10|3:4|Lautaro Martínez']","['1|0:0|Virgil van Dijk', '3|0:1|Steven Berghuis']",['8|2:3|Enzo Fernández'],,,Denzel Dumfries · 120+3,,"['43&rsquor;|0:1|Jurriën Timber', '45+2&rsquor;|0:1|Wout Weghorst', '75&rsquor;|0:2|Memphis', '88&rsquor;|1:2|Steven Berghuis', '90+12&rsquor;|2:2|Steven Bergwijn', '120+2&rsquor;|2:2|Noa Lang', '120+2&rsquor;|2:2|Denzel Dumfries']","['31&rsquor;|0:0|Walter Samuel', '43&rsquor;|0:1|Marcos Acuña', '45&rsquor;|0:1|Cristian Romero', '75&rsquor;|0:2|Lisandro Martínez', '89&rsquor;|1:2|Leandro Paredes', '90&rsquor;|1:2|Lionel Scaloni', '90+10&rsquor;|1:2|Lionel Messi', '90+12&rsquor;|2:2|Nicolás Otamendi', '109&rsquor;|2:2|Gonzalo Montiel', '112&rsquor;|2:2|Germán Pezzella']","['46&rsquor;|0:1|Steven Berghuis|for Steven Bergwijn', '46&rsquor;|0:1|Teun Koopmeiners|for Marten de Roon', '64&rsquor;|0:1|Luuk de Jong|for Daley Blind', '78&rsquor;|0:2|Wout Weghorst|for Memphis', '113&rsquor;|2:2|Noa Lang|for Cody Gakpo']","['66&rsquor;|0:1|Leandro Paredes|for Rodrigo De Paul', '78&rsquor;|0:2|Nicolás Tagliafico|for Marcos Acuña', '78&rsquor;|0:2|Germán Pezzella|for Cristian Romero', '82&rsquor;|0:2|Lautaro Martínez|for Julián Álvarez', '106&rsquor;|2:2|Gonzalo Montiel|for Nahuel Molina', '112&rsquor;|2:2|Ángel Di María|for Lisandro Martínez']"
Croatia,Brazil,1,0.6,4,1,2.5,2,Zlatko Dalić,Luka Modrić,Tite,Thiago Silva,43893,"Education City Stadium, Doha",Michael Oliver (Referee) · Stuart Burt (AR1) · Gary Beswick (AR2) · Mustapha Ghorbal (4th) · Pol van Boekel (VAR),Quarter-finals,2022-12-09,(4) 1–1 (2),Michael Oliver,Croatia won on penalty kicks following extra time,Qatar,2022,Bruno Petković · 117,Neymar · 105+1,['117&rsquor;|1:1|Bruno Petković|Assist:|Mislav Oršić'],['105+1&rsquor;|0:1|Neymar|Assist:|Lucas Paquetá'],,,,,,,"['1|1:0|Nikola Vlašić', '3|2:0|Lovro Majer', '5|3:1|Luka Modrić', '7|4:2|Mislav Oršić']","['4|2:1|Casemiro', '6|3:2|Pedro']",,"['2|1:0|Rodrygo', '8|4:2|Marquinhos']",,,,,"['31&rsquor;|0:0|Marcelo Brozović', '117&rsquor;|1:1|Bruno Petković']","['25&rsquor;|0:0|Danilo', '68&rsquor;|0:0|Casemiro', '77&rsquor;|0:0|Marquinhos']","['72&rsquor;|0:0|Nikola Vlašić|for Mario Pašalić', '72&rsquor;|0:0|Bruno Petković|for Andrej Kramarić', '106&rsquor;|0:1|Lovro Majer|for Mateo Kovačić', '110&rsquor;|0:1|Ante Budimir|for Borna Sosa', '114&rsquor;|0:1|Mislav Oršić|for Marcelo Brozović']","['56&rsquor;|0:0|Antony|for Raphinha', '64&rsquor;|0:0|Rodrygo|for Vinicius Júnior', '84&rsquor;|0:0|Pedro|for Richarlison', '106&rsquor;|0:1|Alex Sandro|for Éder Militão', '106&rsquor;|0:1|Fred|for Lucas Paquetá']"
England,France,1,2.4,,2,0.9,,Gareth Southgate,Harry Kane,Didier Deschamps,Hugo Lloris,68895,"Al Bayt Stadium, Al Khor",Wilton Sampaio (Referee) · Bruno Boschilia (AR1) · Bruno Pires (AR2) · Mohammed Abdulla Hassan (4th) · Nicolás Gallo (VAR),Quarter-finals,2022-12-10,1–2,Wilton Sampaio,,Qatar,2022,,Aurélien Tchouaméni · 17|Olivier Giroud · 78,,"['17&rsquor;|0:1|Aurélien Tchouaméni|Assist:|Antoine Griezmann', '78&rsquor;|1:2|Olivier Giroud|Assist:|Antoine Griezmann']",,,Harry Kane (P) · 54,,['84&rsquor;|1:2|Harry Kane|Penalty Miss'],,,,,,,,,,['90&rsquor;|1:2|Harry Maguire'],"['43&rsquor;|0:1|Antoine Griezmann', '47&rsquor;|0:1|Ousmane Dembélé', '82&rsquor;|1:2|Theo Hernández']","['79&rsquor;|1:2|Raheem Sterling|for Bukayo Saka', '79&rsquor;|1:2|Mason Mount|for Jordan Henderson', '85&rsquor;|1:2|Marcus Rashford|for Phil Foden', '90+8&rsquor;|1:2|Jack Grealish|for John Stones']",['79&rsquor;|1:2|Kingsley Coman|for Ousmane Dembélé']
Morocco,Portugal,1,1.4,,0,0.9,,Hoalid Regragui,Romain Saïss,Fernando Santos,Pepe,44198,"Al Thumama Stadium, ath-Thumāma",Facundo Tello (Referee) · Ezequiel Brailovsky (AR1) · Gabriel Chade (AR2) · Iván Barton (4th) · Mauro Vigliano (VAR),Quarter-finals,2022-12-10,1–0,Facundo Tello,,Qatar,2022,Youssef En-Nesyri · 42,,['42&rsquor;|1:0|Youssef En-Nesyri|Assist:|Yahya Attiat Allah'],,,,,,,,,,,,,,Walid Cheddira · 90+3,,"['70&rsquor;|1:0|Achraf Dari', '90+1&rsquor;|1:0|Walid Cheddira']",['87&rsquor;|1:0|Vitinha'],"['57&rsquor;|1:0|Achraf Dari|for Romain Saïss', '65&rsquor;|1:0|Walid Cheddira|for Selim Amallah', '65&rsquor;|1:0|Badr Banoun|for Youssef En-Nesyri', '81&rsquor;|1:0|Zakaria Aboukhlal|for Hakim Ziyech', '82&rsquor;|1:0|Yahya Jabrane|for Sofiane Boufal']","['51&rsquor;|1:0|João Cancelo|for Raphaël Guerreiro', '51&rsquor;|1:0|Cristiano Ronaldo|for Rúben Neves', '69&rsquor;|1:0|Vitinha|for Otávio', '69&rsquor;|1:0|Rafael Leão|for Gonçalo Ramos', '79&rsquor;|1:0|Ricardo Horta|for Diogo Dalot']"
Argentina,Croatia,,,,,,,,,,,0,,,Semi-finals,2022-12-13,,,,Qatar,2022,,,,,,,,,,,,,,,,,,,,,,
France,Morocco,,,,,,,,,,,0,,,Semi-finals,2022-12-14,,,,Qatar,2022,,,,,,,,,,,,,,,,,,,,,,
